,SkinID,Label,ITA,Wavelengths,Max,Min,FractionClipped,AnyClipping
0,SKIN01,Bicep,70.37,700,2505.1111111111113,1700.6666666666667,0.0,0.0
13,SKIN01,Neck,54.196000000000005,700,3041.9,1140.2,0.0,0.0
26,SKIN01,Leg,61.702,700,2723.8888888888887,1225.2222222222222,0.0,0.0
39,SKIN01,Forearm,64.518,700,2549.222222222222,1766.7777777777778,0.0,0.0
1,SKIN01,Bicep,70.37,730,2503.1111111111113,1727.888888888889,0.0,0.0
14,SKIN01,Neck,54.196000000000005,730,2947.9,1228.4,0.0,0.0
27,SKIN01,Leg,61.702,730,2677.5555555555557,1301.111111111111,0.0,0.0
40,SKIN01,Forearm,64.518,730,2588.1111111111113,1760.6666666666667,0.0,0.0
2,SKIN01,Bicep,70.37,760,2434.1111111111113,1779.4444444444443,0.0,0.0
15,SKIN01,Neck,54.196000000000005,760,2788.2,1402.9,0.0,0.0
28,SKIN01,Leg,61.702,760,2554.6666666666665,1453.111111111111,0.0,0.0
41,SKIN01,Forearm,64.518,760,2579.4444444444443,1729.7777777777778,0.0,0.0
3,SKIN01,Bicep,70.37,800,2385.8888888888887,1829.5555555555557,0.0,0.0
16,SKIN01,Neck,54.196000000000005,800,2683.2,1531.0,0.0,0.0
29,SKIN01,Leg,61.702,800,2480.8888888888887,1588.7777777777778,0.0,0.0
42,SKIN01,Forearm,64.518,800,2606.3333333333335,1727.6666666666667,0.0,0.0
4,SKIN01,Bicep,70.37,850,2330.4444444444443,1857.111111111111,0.0,0.0
17,SKIN01,Neck,54.196000000000005,850,2509.2,1657.1,0.0,0.0
30,SKIN01,Leg,61.702,850,2402.4444444444443,1731.6666666666667,0.0,0.0
43,SKIN01,Forearm,64.518,850,2614.222222222222,1730.111111111111,0.0,0.0
5,SKIN01,Bicep,70.37,910,2412.5555555555557,1840.111111111111,0.0,0.0
18,SKIN01,Neck,54.196000000000005,910,2441.7,1749.2,0.0,0.0
31,SKIN01,Leg,61.702,910,2429.3333333333335,1836.4444444444443,0.0,0.0
44,SKIN01,Forearm,64.518,910,2529.8888888888887,1774.5555555555557,0.0,0.0
6,SKIN01,Bicep,70.37,930,2510.5555555555557,1775.0,0.0,0.0
19,SKIN01,Neck,54.196000000000005,930,2565.5,1765.2,0.0,0.0
32,SKIN01,Leg,61.702,930,2534.777777777778,1837.4444444444443,0.0,0.0
45,SKIN01,Forearm,64.518,930,2576.222222222222,1780.5555555555557,0.0,0.0
7,SKIN01,Bicep,70.37,950,2347.777777777778,1888.0,0.0,0.0
20,SKIN01,Neck,54.196000000000005,950,2419.7,1799.1,0.0,0.0
33,SKIN01,Leg,61.702,950,2373.5555555555557,1843.5555555555557,0.0,0.0
46,SKIN01,Forearm,64.518,950,2467.3333333333335,1830.7777777777778,0.0,0.0
8,SKIN01,Bicep,70.37,980,2406.777777777778,1880.7777777777778,0.0,0.0
21,SKIN01,Neck,54.196000000000005,980,2510.2,1825.3,0.0,0.0
34,SKIN01,Leg,61.702,980,2448.3333333333335,1821.3333333333333,0.0,0.0
47,SKIN01,Forearm,64.518,980,2527.5555555555557,1857.111111111111,0.0,0.0
9,SKIN01,Bicep,70.37,1030,2325.777777777778,1937.111111111111,0.0,0.0
22,SKIN01,Neck,54.196000000000005,1030,2323.3,1914.2,0.0,0.0
35,SKIN01,Leg,61.702,1030,2330.3333333333335,1949.7777777777778,0.0,0.0
48,SKIN01,Forearm,64.518,1030,2365.3333333333335,1913.111111111111,0.0,0.0
10,SKIN01,Bicep,70.37,1080,2292.6666666666665,1968.5555555555557,0.0,0.0
23,SKIN01,Neck,54.196000000000005,1080,2295.4,1957.8,0.0,0.0
36,SKIN01,Leg,61.702,1080,2291.777777777778,1969.888888888889,0.0,0.0
49,SKIN01,Forearm,64.518,1080,2322.6666666666665,1950.7777777777778,0.0,0.0
11,SKIN01,Bicep,70.37,1100,2297.777777777778,1973.3333333333333,0.0,0.0
24,SKIN01,Neck,54.196000000000005,1100,2307.8,1969.7,0.0,0.0
37,SKIN01,Leg,61.702,1100,2302.6666666666665,1972.5555555555557,0.0,0.0
50,SKIN01,Forearm,64.518,1100,2323.0,1968.6666666666667,0.0,0.0
12,SKIN01,Bicep,70.37,1210,2568.222222222222,1766.888888888889,0.0,0.0
25,SKIN01,Neck,54.196000000000005,1210,2590.3,1804.4,0.0,0.0
38,SKIN01,Leg,61.702,1210,2577.777777777778,1821.5555555555557,0.0,0.0
51,SKIN01,Forearm,64.518,1210,2588.8888888888887,1823.3333333333333,0.0,0.0
52,SKIN02,Bicep,56.25599999999999,700,2499.1111111111113,1640.4444444444443,0.0,0.0
65,SKIN02,Neck,38.54,700,3013.5,1241.2,0.0,0.0
78,SKIN02,Leg,54.89,700,2884.222222222222,1374.0,0.0,0.0
91,SKIN02,Forearm,47.056,700,3013.6666666666665,1103.888888888889,0.0,0.0
53,SKIN02,Bicep,56.25599999999999,730,2454.5555555555557,1714.4444444444443,0.0,0.0
66,SKIN02,Neck,38.54,730,2945.7,1282.1,0.0,0.0
79,SKIN02,Leg,54.89,730,2802.777777777778,1473.0,0.0,0.0
92,SKIN02,Forearm,47.056,730,2903.8888888888887,1234.888888888889,0.0,0.0
54,SKIN02,Bicep,56.25599999999999,760,2419.222222222222,1766.3333333333333,0.0,0.0
67,SKIN02,Neck,38.54,760,2765.1,1430.6,0.0,0.0
80,SKIN02,Leg,54.89,760,2613.3333333333335,1626.0,0.0,0.0
93,SKIN02,Forearm,47.056,760,2700.6666666666665,1421.0,0.0,0.0
55,SKIN02,Bicep,56.25599999999999,800,2428.1111111111113,1808.0,0.0,0.0
68,SKIN02,Neck,38.54,800,2670.3,1517.3,0.0,0.0
81,SKIN02,Leg,54.89,800,2516.8888888888887,1714.5555555555557,0.0,0.0
94,SKIN02,Forearm,47.056,800,2592.222222222222,1554.4444444444443,0.0,0.0
56,SKIN02,Bicep,56.25599999999999,850,2405.1111111111113,1797.888888888889,0.0,0.0
69,SKIN02,Neck,38.54,850,2524.8,1651.7,0.0,0.0
82,SKIN02,Leg,54.89,850,2405.222222222222,1791.111111111111,0.0,0.0
95,SKIN02,Forearm,47.056,850,2463.777777777778,1660.4444444444443,0.0,0.0
57,SKIN02,Bicep,56.25599999999999,910,2437.8888888888887,1787.4444444444443,0.0,0.0
70,SKIN02,Neck,38.54,910,2431.0,1774.4,0.0,0.0
83,SKIN02,Leg,54.89,910,2432.5555555555557,1840.3333333333333,0.0,0.0
96,SKIN02,Forearm,47.056,910,2471.777777777778,1679.111111111111,0.0,0.0
58,SKIN02,Bicep,56.25599999999999,930,2538.777777777778,1707.7777777777778,0.0,0.0
71,SKIN02,Neck,38.54,930,2543.1,1792.2,0.0,0.0
84,SKIN02,Leg,54.89,930,2556.4444444444443,1857.7777777777778,0.0,0.0
97,SKIN02,Forearm,47.056,930,2634.5555555555557,1654.888888888889,0.0,0.0
59,SKIN02,Bicep,56.25599999999999,950,2353.777777777778,1850.2222222222222,0.0,0.0
72,SKIN02,Neck,38.54,950,2396.2,1775.9,0.0,0.0
85,SKIN02,Leg,54.89,950,2374.3333333333335,1842.111111111111,0.0,0.0
98,SKIN02,Forearm,47.056,950,2397.5555555555557,1776.2222222222222,0.0,0.0
60,SKIN02,Bicep,56.25599999999999,980,2355.5555555555557,1856.888888888889,0.0,0.0
73,SKIN02,Neck,38.54,980,2462.2,1780.8,0.0,0.0
86,SKIN02,Leg,54.89,980,2482.777777777778,1839.7777777777778,0.0,0.0
99,SKIN02,Forearm,47.056,980,2506.8888888888887,1781.5555555555557,0.0,0.0
61,SKIN02,Bicep,56.25599999999999,1030,2332.6666666666665,1903.888888888889,0.0,0.0
74,SKIN02,Neck,38.54,1030,2329.6,1911.2,0.0,0.0
87,SKIN02,Leg,54.89,1030,2340.777777777778,1947.111111111111,0.0,0.0
100,SKIN02,Forearm,47.056,1030,2333.4444444444443,1903.3333333333333,0.0,0.0
62,SKIN02,Bicep,56.25599999999999,1080,2293.5555555555557,1946.6666666666667,0.0,0.0
75,SKIN02,Neck,38.54,1080,2300.6,1946.4,0.0,0.0
88,SKIN02,Leg,54.89,1080,2301.777777777778,1970.2222222222222,0.0,0.0
101,SKIN02,Forearm,47.056,1080,2302.0,1940.5555555555557,0.0,0.0
63,SKIN02,Bicep,56.25599999999999,1100,2298.6666666666665,1954.111111111111,0.0,0.0
76,SKIN02,Neck,38.54,1100,2299.0,1949.8,0.0,0.0
89,SKIN02,Leg,54.89,1100,2309.6666666666665,1966.2222222222222,0.0,0.0
102,SKIN02,Forearm,47.056,1100,2310.5555555555557,1960.111111111111,0.0,0.0
64,SKIN02,Bicep,56.25599999999999,1210,2581.3333333333335,1715.0,0.0,0.0
77,SKIN02,Neck,38.54,1210,2607.0,1783.8,0.0,0.0
90,SKIN02,Leg,54.89,1210,2599.3333333333335,1835.3333333333333,0.0,0.0
103,SKIN02,Forearm,47.056,1210,2712.5555555555557,1710.6666666666667,0.0,0.0
104,SKIN03,Bicep,49.412,700,2666.777777777778,1157.7777777777778,0.0,0.0
117,SKIN03,Neck,17.108,700,3904.3333333333335,0.0,3.340550873907615e-05,1.0
130,SKIN03,Leg,31.6,700,4002.222222222222,12.333333333333334,3.0479478776529335e-05,0.8888888888888888
143,SKIN03,Forearm,34.736000000000004,700,3237.5555555555557,667.3333333333334,2.4383583021223475e-07,0.1111111111111111
105,SKIN03,Bicep,49.412,730,2587.0,1267.4444444444443,0.0,0.0
118,SKIN03,Neck,17.108,730,3631.3333333333335,42.22222222222222,4.145209113607991e-06,0.5555555555555556
131,SKIN03,Leg,31.6,730,3841.3333333333335,102.0,3.169865792759051e-06,0.3333333333333333
144,SKIN03,Forearm,34.736000000000004,730,3094.222222222222,889.7777777777778,0.0,0.0
106,SKIN03,Bicep,49.412,760,2465.6666666666665,1492.111111111111,0.0,0.0
119,SKIN03,Neck,17.108,760,3165.777777777778,579.2222222222222,0.0,0.0
132,SKIN03,Leg,31.6,760,3329.777777777778,670.1111111111111,0.0,0.0
145,SKIN03,Forearm,34.736000000000004,760,2820.0,1249.0,0.0,0.0
107,SKIN03,Bicep,49.412,800,2415.0,1676.0,0.0,0.0
120,SKIN03,Neck,17.108,800,2895.222222222222,1025.3333333333333,0.0,0.0
133,SKIN03,Leg,31.6,800,2997.777777777778,1122.111111111111,0.0,0.0
146,SKIN03,Forearm,34.736000000000004,800,2707.222222222222,1489.888888888889,0.0,0.0
108,SKIN03,Bicep,49.412,850,2371.3333333333335,1681.2222222222222,0.0,0.0
121,SKIN03,Neck,17.108,850,2614.0,1497.4444444444443,0.0,0.0
134,SKIN03,Leg,31.6,850,2642.8888888888887,1489.5555555555557,0.0,0.0
147,SKIN03,Forearm,34.736000000000004,850,2636.1111111111113,1718.888888888889,0.0,0.0
109,SKIN03,Bicep,49.412,910,2422.6666666666665,1687.3333333333333,0.0,0.0
122,SKIN03,Neck,17.108,910,2421.3333333333335,1713.4444444444443,0.0,0.0
135,SKIN03,Leg,31.6,910,2444.222222222222,1703.6666666666667,0.0,0.0
148,SKIN03,Forearm,34.736000000000004,910,2532.1111111111113,1744.888888888889,0.0,0.0
110,SKIN03,Bicep,49.412,930,2524.0,1694.111111111111,0.0,0.0
123,SKIN03,Neck,17.108,930,2550.777777777778,1709.0,0.0,0.0
136,SKIN03,Leg,31.6,930,2561.0,1740.3333333333333,0.0,0.0
149,SKIN03,Forearm,34.736000000000004,930,2535.3333333333335,1753.6666666666667,0.0,0.0
111,SKIN03,Bicep,49.412,950,2364.8888888888887,1776.4444444444443,0.0,0.0
124,SKIN03,Neck,17.108,950,2376.222222222222,1815.888888888889,0.0,0.0
137,SKIN03,Leg,31.6,950,2417.777777777778,1770.111111111111,0.0,0.0
150,SKIN03,Forearm,34.736000000000004,950,2447.6666666666665,1827.111111111111,0.0,0.0
112,SKIN03,Bicep,49.412,980,2369.8888888888887,1825.2222222222222,0.0,0.0
125,SKIN03,Neck,17.108,980,2440.5555555555557,1836.0,0.0,0.0
138,SKIN03,Leg,31.6,980,2504.5555555555557,1795.888888888889,0.0,0.0
151,SKIN03,Forearm,34.736000000000004,980,2449.777777777778,1870.5555555555557,0.0,0.0
113,SKIN03,Bicep,49.412,1030,2320.1111111111113,1878.7777777777778,0.0,0.0
126,SKIN03,Neck,17.108,1030,2327.1111111111113,1911.6666666666667,0.0,0.0
139,SKIN03,Leg,31.6,1030,2328.8888888888887,1914.7777777777778,0.0,0.0
152,SKIN03,Forearm,34.736000000000004,1030,2358.8888888888887,1892.7777777777778,0.0,0.0
114,SKIN03,Bicep,49.412,1080,2298.222222222222,1944.3333333333333,0.0,0.0
127,SKIN03,Neck,17.108,1080,2293.777777777778,1960.3333333333333,0.0,0.0
140,SKIN03,Leg,31.6,1080,2301.4444444444443,1953.2222222222222,0.0,0.0
153,SKIN03,Forearm,34.736000000000004,1080,2328.1111111111113,1940.111111111111,0.0,0.0
115,SKIN03,Bicep,49.412,1100,2302.777777777778,1953.3333333333333,0.0,0.0
128,SKIN03,Neck,17.108,1100,2313.222222222222,1957.3333333333333,0.0,0.0
141,SKIN03,Leg,31.6,1100,2304.777777777778,1951.3333333333333,0.0,0.0
154,SKIN03,Forearm,34.736000000000004,1100,2307.6666666666665,1961.888888888889,0.0,0.0
116,SKIN03,Bicep,49.412,1210,2591.4444444444443,1768.2222222222222,0.0,0.0
129,SKIN03,Neck,17.108,1210,2576.6666666666665,1796.2222222222222,0.0,0.0
142,SKIN03,Leg,31.6,1210,2583.1111111111113,1823.111111111111,0.0,0.0
155,SKIN03,Forearm,34.736000000000004,1210,2542.8888888888887,1795.7777777777778,0.0,0.0
156,SKIN04,Bicep,41.098,700,2898.1111111111113,771.7777777777778,0.0,0.0
169,SKIN04,Neck,30.57,700,3508.6666666666665,98.0,1.0241104868913857e-05,0.4444444444444444
182,SKIN04,Leg,38.988,700,3785.6666666666665,50.44444444444444,1.1704119850187266e-05,0.5555555555555556
195,SKIN04,Forearm,33.892,700,3584.6666666666665,295.22222222222223,0.0,0.0
157,SKIN04,Bicep,41.098,730,2791.222222222222,963.1111111111111,0.0,0.0
170,SKIN04,Neck,30.57,730,3278.777777777778,278.3333333333333,2.1945224719101126e-06,0.3333333333333333
183,SKIN04,Leg,38.988,730,3618.1111111111113,179.88888888888889,4.876716604244695e-07,0.2222222222222222
196,SKIN04,Forearm,33.892,730,3399.1111111111113,536.4444444444445,0.0,0.0
158,SKIN04,Bicep,41.098,760,2583.222222222222,1264.6666666666667,0.0,0.0
171,SKIN04,Neck,30.57,760,2903.5555555555557,757.6666666666666,0.0,0.0
184,SKIN04,Leg,38.988,760,3206.4444444444443,657.0,0.0,0.0
197,SKIN04,Forearm,33.892,760,3064.1111111111113,973.5555555555555,0.0,0.0
159,SKIN04,Bicep,41.098,800,2490.8888888888887,1501.7777777777778,0.0,0.0
172,SKIN04,Neck,30.57,800,2729.777777777778,1182.0,0.0,0.0
185,SKIN04,Leg,38.988,800,2940.777777777778,1053.0,0.0,0.0
198,SKIN04,Forearm,33.892,800,2842.1111111111113,1300.888888888889,0.0,0.0
160,SKIN04,Bicep,41.098,850,2382.4444444444443,1721.888888888889,0.0,0.0
173,SKIN04,Neck,30.57,850,2456.0,1548.5555555555557,0.0,0.0
186,SKIN04,Leg,38.988,850,2629.5555555555557,1452.888888888889,0.0,0.0
199,SKIN04,Forearm,33.892,850,2607.222222222222,1618.888888888889,0.0,0.0
161,SKIN04,Bicep,41.098,910,2425.5555555555557,1733.7777777777778,0.0,0.0
174,SKIN04,Neck,30.57,910,2433.3333333333335,1668.3333333333333,0.0,0.0
187,SKIN04,Leg,38.988,910,2450.8888888888887,1647.4444444444443,0.0,0.0
200,SKIN04,Forearm,33.892,910,2462.3333333333335,1789.888888888889,0.0,0.0
162,SKIN04,Bicep,41.098,930,2563.777777777778,1673.2222222222222,0.0,0.0
175,SKIN04,Neck,30.57,930,2569.6666666666665,1637.111111111111,0.0,0.0
188,SKIN04,Leg,38.988,930,2596.6666666666665,1652.3333333333333,0.0,0.0
201,SKIN04,Forearm,33.892,930,2584.5555555555557,1808.111111111111,0.0,0.0
163,SKIN04,Bicep,41.098,950,2384.777777777778,1811.7777777777778,0.0,0.0
176,SKIN04,Neck,30.57,950,2361.0,1814.111111111111,0.0,0.0
189,SKIN04,Leg,38.988,950,2417.8888888888887,1832.4444444444443,0.0,0.0
202,SKIN04,Forearm,33.892,950,2422.8888888888887,1899.6666666666667,0.0,0.0
164,SKIN04,Bicep,41.098,980,2336.1111111111113,1853.0,0.0,0.0
177,SKIN04,Neck,30.57,980,2428.0,1842.4444444444443,0.0,0.0
190,SKIN04,Leg,38.988,980,2473.4444444444443,1862.111111111111,0.0,0.0
203,SKIN04,Forearm,33.892,980,2536.1111111111113,1860.0,0.0,0.0
165,SKIN04,Bicep,41.098,1030,2322.0,1892.888888888889,0.0,0.0
178,SKIN04,Neck,30.57,1030,2335.8888888888887,1901.111111111111,0.0,0.0
191,SKIN04,Leg,38.988,1030,2332.3333333333335,1924.888888888889,0.0,0.0
204,SKIN04,Forearm,33.892,1030,2337.777777777778,1964.4444444444443,0.0,0.0
166,SKIN04,Bicep,41.098,1080,2311.5555555555557,1938.2222222222222,0.0,0.0
179,SKIN04,Neck,30.57,1080,2288.8888888888887,1945.111111111111,0.0,0.0
192,SKIN04,Leg,38.988,1080,2291.6666666666665,1961.3333333333333,0.0,0.0
205,SKIN04,Forearm,33.892,1080,2296.5555555555557,1977.0,0.0,0.0
167,SKIN04,Bicep,41.098,1100,2323.6666666666665,1951.7777777777778,0.0,0.0
180,SKIN04,Neck,30.57,1100,2294.777777777778,1952.111111111111,0.0,0.0
193,SKIN04,Leg,38.988,1100,2300.4444444444443,1971.4444444444443,0.0,0.0
206,SKIN04,Forearm,33.892,1100,2314.1111111111113,1978.7777777777778,0.0,0.0
168,SKIN04,Bicep,41.098,1210,2615.6666666666665,1754.6666666666667,0.0,0.0
181,SKIN04,Neck,30.57,1210,2630.3333333333335,1718.7777777777778,0.0,0.0
194,SKIN04,Leg,38.988,1210,2621.8888888888887,1761.888888888889,0.0,0.0
207,SKIN04,Forearm,33.892,1210,2627.222222222222,1819.5555555555557,0.0,0.0
208,SKIN05,Bicep,51.318000000000005,700,2711.5555555555557,1266.7777777777778,0.0,0.0
221,SKIN05,Neck,36.326,700,3145.5555555555557,991.3333333333334,0.0,0.0
234,SKIN05,Leg,43.262,700,3395.222222222222,600.7777777777778,0.0,0.0
247,SKIN05,Forearm,48.432,700,2766.222222222222,1229.111111111111,0.0,0.0
209,SKIN05,Bicep,51.318000000000005,730,2624.8888888888887,1386.6666666666667,0.0,0.0
222,SKIN05,Neck,36.326,730,2985.0,1174.5555555555557,0.0,0.0
235,SKIN05,Leg,43.262,730,3203.777777777778,821.6666666666666,0.0,0.0
248,SKIN05,Forearm,48.432,730,2681.4444444444443,1359.0,0.0,0.0
210,SKIN05,Bicep,51.318000000000005,760,2485.5555555555557,1573.4444444444443,0.0,0.0
223,SKIN05,Neck,36.326,760,2710.777777777778,1436.0,0.0,0.0
236,SKIN05,Leg,43.262,760,2894.222222222222,1201.3333333333333,0.0,0.0
249,SKIN05,Forearm,48.432,760,2535.8888888888887,1554.4444444444443,0.0,0.0
211,SKIN05,Bicep,51.318000000000005,800,2425.0,1727.3333333333333,0.0,0.0
224,SKIN05,Neck,36.326,800,2575.5555555555557,1655.7777777777778,0.0,0.0
237,SKIN05,Leg,43.262,800,2681.6666666666665,1460.888888888889,0.0,0.0
250,SKIN05,Forearm,48.432,800,2461.0,1705.2222222222222,0.0,0.0
212,SKIN05,Bicep,51.318000000000005,850,2332.777777777778,1862.6666666666667,0.0,0.0
225,SKIN05,Neck,36.326,850,2450.5555555555557,1827.888888888889,0.0,0.0
238,SKIN05,Leg,43.262,850,2487.777777777778,1734.2222222222222,0.0,0.0
251,SKIN05,Forearm,48.432,850,2391.4444444444443,1856.4444444444443,0.0,0.0
213,SKIN05,Bicep,51.318000000000005,910,2426.222222222222,1833.5555555555557,0.0,0.0
226,SKIN05,Neck,36.326,910,2457.222222222222,1851.3333333333333,0.0,0.0
239,SKIN05,Leg,43.262,910,2446.0,1812.6666666666667,0.0,0.0
252,SKIN05,Forearm,48.432,910,2396.777777777778,1892.7777777777778,0.0,0.0
214,SKIN05,Bicep,51.318000000000005,930,2550.6666666666665,1790.5555555555557,0.0,0.0
227,SKIN05,Neck,36.326,930,2556.6666666666665,1820.2222222222222,0.0,0.0
240,SKIN05,Leg,43.262,930,2568.1111111111113,1803.7777777777778,0.0,0.0
253,SKIN05,Forearm,48.432,930,2517.0,1867.6666666666667,0.0,0.0
215,SKIN05,Bicep,51.318000000000005,950,2353.0,1877.2222222222222,0.0,0.0
228,SKIN05,Neck,36.326,950,2359.777777777778,1891.6666666666667,0.0,0.0
241,SKIN05,Leg,43.262,950,2412.1111111111113,1888.4444444444443,0.0,0.0
254,SKIN05,Forearm,48.432,950,2392.1111111111113,1920.3333333333333,0.0,0.0
216,SKIN05,Bicep,51.318000000000005,980,2399.5555555555557,1860.7777777777778,0.0,0.0
229,SKIN05,Neck,36.326,980,2440.6666666666665,1869.3333333333333,0.0,0.0
242,SKIN05,Leg,43.262,980,2474.1111111111113,1877.111111111111,0.0,0.0
255,SKIN05,Forearm,48.432,980,2443.5555555555557,1894.111111111111,0.0,0.0
217,SKIN05,Bicep,51.318000000000005,1030,2325.4444444444443,1938.0,0.0,0.0
230,SKIN05,Neck,36.326,1030,2342.6666666666665,1938.5555555555557,0.0,0.0
243,SKIN05,Leg,43.262,1030,2342.1111111111113,1951.6666666666667,0.0,0.0
256,SKIN05,Forearm,48.432,1030,2305.4444444444443,1961.111111111111,0.0,0.0
218,SKIN05,Bicep,51.318000000000005,1080,2292.6666666666665,1964.888888888889,0.0,0.0
231,SKIN05,Neck,36.326,1080,2315.0,1974.4444444444443,0.0,0.0
244,SKIN05,Leg,43.262,1080,2288.8888888888887,1975.7777777777778,0.0,0.0
257,SKIN05,Forearm,48.432,1080,2291.5555555555557,1973.2222222222222,0.0,0.0
219,SKIN05,Bicep,51.318000000000005,1100,2285.6666666666665,1960.4444444444443,0.0,0.0
232,SKIN05,Neck,36.326,1100,2303.1111111111113,1971.6666666666667,0.0,0.0
245,SKIN05,Leg,43.262,1100,2300.1111111111113,1970.4444444444443,0.0,0.0
258,SKIN05,Forearm,48.432,1100,2292.1111111111113,1975.111111111111,0.0,0.0
220,SKIN05,Bicep,51.318000000000005,1210,2606.4444444444443,1746.5555555555557,0.0,0.0
233,SKIN05,Neck,36.326,1210,2599.0,1786.5555555555557,0.0,0.0
246,SKIN05,Leg,43.262,1210,2632.5555555555557,1797.5555555555557,0.0,0.0
259,SKIN05,Forearm,48.432,1210,2584.3333333333335,1824.0,0.0,0.0
260,SKIN06,Bicep,52.444,700,2483.4444444444443,1681.888888888889,0.0,0.0
273,SKIN06,Neck,26.894,700,2753.8888888888887,1346.2222222222222,0.0,0.0
286,SKIN06,Leg,43.756,700,3089.5555555555557,991.7777777777778,0.0,0.0
299,SKIN06,Forearm,25.806,700,3332.222222222222,618.6666666666666,2.4383583021223475e-07,0.1111111111111111
261,SKIN06,Bicep,52.444,730,2443.222222222222,1748.888888888889,0.0,0.0
274,SKIN06,Neck,26.894,730,2648.222222222222,1460.4444444444443,0.0,0.0
287,SKIN06,Leg,43.756,730,2983.3333333333335,1138.5555555555557,0.0,0.0
300,SKIN06,Forearm,25.806,730,3144.0,867.7777777777778,0.0,0.0
262,SKIN06,Bicep,52.444,760,2383.1111111111113,1791.2222222222222,0.0,0.0
275,SKIN06,Neck,26.894,760,2520.3333333333335,1650.5555555555557,0.0,0.0
288,SKIN06,Leg,43.756,760,2728.0,1393.2222222222222,0.0,0.0
301,SKIN06,Forearm,25.806,760,2837.8888888888887,1195.4444444444443,0.0,0.0
263,SKIN06,Bicep,52.444,800,2369.3333333333335,1823.111111111111,0.0,0.0
276,SKIN06,Neck,26.894,800,2450.8888888888887,1772.4444444444443,0.0,0.0
289,SKIN06,Leg,43.756,800,2589.6666666666665,1567.888888888889,0.0,0.0
302,SKIN06,Forearm,25.806,800,2649.777777777778,1470.3333333333333,0.0,0.0
264,SKIN06,Bicep,52.444,850,2363.1111111111113,1821.4444444444443,0.0,0.0
277,SKIN06,Neck,26.894,850,2392.5555555555557,1819.4444444444443,0.0,0.0
290,SKIN06,Leg,43.756,850,2487.4444444444443,1679.2222222222222,0.0,0.0
303,SKIN06,Forearm,25.806,850,2558.6666666666665,1727.5555555555557,0.0,0.0
265,SKIN06,Bicep,52.444,910,2423.222222222222,1833.4444444444443,0.0,0.0
278,SKIN06,Neck,26.894,910,2446.4444444444443,1817.888888888889,0.0,0.0
291,SKIN06,Leg,43.756,910,2465.5555555555557,1738.888888888889,0.0,0.0
304,SKIN06,Forearm,25.806,910,2515.777777777778,1779.888888888889,0.0,0.0
266,SKIN06,Bicep,52.444,930,2534.6666666666665,1791.4444444444443,0.0,0.0
279,SKIN06,Neck,26.894,930,2566.4444444444443,1787.7777777777778,0.0,0.0
292,SKIN06,Leg,43.756,930,2570.777777777778,1749.0,0.0,0.0
305,SKIN06,Forearm,25.806,930,2659.777777777778,1770.6666666666667,0.0,0.0
267,SKIN06,Bicep,52.444,950,2349.4444444444443,1812.5555555555557,0.0,0.0
280,SKIN06,Neck,26.894,950,2340.5555555555557,1828.5555555555557,0.0,0.0
293,SKIN06,Leg,43.756,950,2405.4444444444443,1803.3333333333333,0.0,0.0
306,SKIN06,Forearm,25.806,950,2427.4444444444443,1875.6666666666667,0.0,0.0
268,SKIN06,Bicep,52.444,980,2368.5555555555557,1832.6666666666667,0.0,0.0
281,SKIN06,Neck,26.894,980,2402.222222222222,1828.3333333333333,0.0,0.0
294,SKIN06,Leg,43.756,980,2473.3333333333335,1831.7777777777778,0.0,0.0
307,SKIN06,Forearm,25.806,980,2534.0,1866.111111111111,0.0,0.0
269,SKIN06,Bicep,52.444,1030,2338.0,1926.5555555555557,0.0,0.0
282,SKIN06,Neck,26.894,1030,2323.8888888888887,1930.7777777777778,0.0,0.0
295,SKIN06,Leg,43.756,1030,2321.8888888888887,1911.5555555555557,0.0,0.0
308,SKIN06,Forearm,25.806,1030,2362.3333333333335,1936.4444444444443,0.0,0.0
270,SKIN06,Bicep,52.444,1080,2297.0,1962.4444444444443,0.0,0.0
283,SKIN06,Neck,26.894,1080,2312.0,1963.7777777777778,0.0,0.0
296,SKIN06,Leg,43.756,1080,2297.6666666666665,1958.4444444444443,0.0,0.0
309,SKIN06,Forearm,25.806,1080,2330.1111111111113,1963.2222222222222,0.0,0.0
271,SKIN06,Bicep,52.444,1100,2297.5555555555557,1961.6666666666667,0.0,0.0
284,SKIN06,Neck,26.894,1100,2316.1111111111113,1967.3333333333333,0.0,0.0
297,SKIN06,Leg,43.756,1100,2323.6666666666665,1966.4444444444443,0.0,0.0
310,SKIN06,Forearm,25.806,1100,2311.4444444444443,1967.4444444444443,0.0,0.0
272,SKIN06,Bicep,52.444,1210,2589.777777777778,1771.2222222222222,0.0,0.0
285,SKIN06,Neck,26.894,1210,2564.6666666666665,1814.7777777777778,0.0,0.0
298,SKIN06,Leg,43.756,1210,2633.1111111111113,1804.0,0.0,0.0
311,SKIN06,Forearm,25.806,1210,2733.0,1726.5555555555557,0.0,0.0
312,SKIN07,Bicep,42.734,700,2901.5555555555557,848.7777777777778,0.0,0.0
325,SKIN07,Neck,33.54,700,3181.6666666666665,1132.2222222222222,0.0,0.0
338,SKIN07,Leg,46.194,700,3219.5555555555557,877.1111111111111,0.0,0.0
351,SKIN07,Forearm,33.218,700,3872.0833333333335,222.16666666666666,2.4688377808988767e-05,0.75
313,SKIN07,Bicep,42.734,730,2804.4444444444443,1004.4444444444445,0.0,0.0
326,SKIN07,Neck,33.54,730,3062.222222222222,1293.111111111111,0.0,0.0
339,SKIN07,Leg,46.194,730,3177.777777777778,869.1111111111111,0.0,0.0
352,SKIN07,Forearm,33.218,730,3806.4166666666665,269.5833333333333,1.2984257958801497e-05,0.5833333333333334
314,SKIN07,Bicep,42.734,760,2611.0,1309.7777777777778,0.0,0.0
327,SKIN07,Neck,33.54,760,2795.3333333333335,1509.6666666666667,0.0,0.0
340,SKIN07,Leg,46.194,760,2940.0,1115.5555555555557,0.0,0.0
353,SKIN07,Forearm,33.218,760,3358.4166666666665,493.8333333333333,2.3773993445692884e-06,0.5
315,SKIN07,Bicep,42.734,800,2525.4444444444443,1511.6666666666667,0.0,0.0
328,SKIN07,Neck,33.54,800,2661.4444444444443,1666.888888888889,0.0,0.0
341,SKIN07,Leg,46.194,800,2802.0,1267.2222222222222,0.0,0.0
354,SKIN07,Forearm,33.218,800,3023.8333333333335,900.8333333333334,0.0,0.0
316,SKIN07,Bicep,42.734,850,2471.6666666666665,1648.111111111111,0.0,0.0
329,SKIN07,Neck,33.54,850,2509.222222222222,1829.0,0.0,0.0
342,SKIN07,Leg,46.194,850,2600.3333333333335,1509.0,0.0,0.0
355,SKIN07,Forearm,33.218,850,2721.8333333333335,1359.25,0.0,0.0
317,SKIN07,Bicep,42.734,910,2429.4444444444443,1707.4444444444443,0.0,0.0
330,SKIN07,Neck,33.54,910,2443.0,1855.3333333333333,0.0,0.0
343,SKIN07,Leg,46.194,910,2442.1111111111113,1701.111111111111,0.0,0.0
356,SKIN07,Forearm,33.218,910,2567.75,1640.3333333333333,0.0,0.0
318,SKIN07,Bicep,42.734,930,2534.3333333333335,1714.2222222222222,0.0,0.0
331,SKIN07,Neck,33.54,930,2578.6666666666665,1815.111111111111,0.0,0.0
344,SKIN07,Leg,46.194,930,2571.0,1757.4444444444443,0.0,0.0
357,SKIN07,Forearm,33.218,930,2704.9166666666665,1676.1666666666667,0.0,0.0
319,SKIN07,Bicep,42.734,950,2410.222222222222,1780.6666666666667,0.0,0.0
332,SKIN07,Neck,33.54,950,2424.6666666666665,1878.111111111111,0.0,0.0
345,SKIN07,Leg,46.194,950,2421.222222222222,1788.4444444444443,0.0,0.0
358,SKIN07,Forearm,33.218,950,2508.0833333333335,1818.75,0.0,0.0
320,SKIN07,Bicep,42.734,980,2391.5555555555557,1826.3333333333333,0.0,0.0
333,SKIN07,Neck,33.54,980,2507.0,1880.0,0.0,0.0
346,SKIN07,Leg,46.194,980,2488.5555555555557,1802.888888888889,0.0,0.0
359,SKIN07,Forearm,33.218,980,2636.75,1815.75,0.0,0.0
321,SKIN07,Bicep,42.734,1030,2340.6666666666665,1899.4444444444443,0.0,0.0
334,SKIN07,Neck,33.54,1030,2333.1111111111113,1944.2222222222222,0.0,0.0
347,SKIN07,Leg,46.194,1030,2322.222222222222,1916.3333333333333,0.0,0.0
360,SKIN07,Forearm,33.218,1030,2343.0833333333335,1917.25,0.0,0.0
322,SKIN07,Bicep,42.734,1080,2293.5555555555557,1937.2222222222222,0.0,0.0
335,SKIN07,Neck,33.54,1080,2317.4444444444443,1971.888888888889,0.0,0.0
348,SKIN07,Leg,46.194,1080,2305.222222222222,1954.3333333333333,0.0,0.0
361,SKIN07,Forearm,33.218,1080,2305.6666666666665,1950.0,0.0,0.0
323,SKIN07,Bicep,42.734,1100,2309.5555555555557,1958.111111111111,0.0,0.0
336,SKIN07,Neck,33.54,1100,2337.1111111111113,1979.7777777777778,0.0,0.0
349,SKIN07,Leg,46.194,1100,2313.222222222222,1959.111111111111,0.0,0.0
362,SKIN07,Forearm,33.218,1100,2313.9166666666665,1965.0,0.0,0.0
324,SKIN07,Bicep,42.734,1210,2579.1111111111113,1779.7777777777778,0.0,0.0
337,SKIN07,Neck,33.54,1210,2602.5555555555557,1822.4444444444443,0.0,0.0
350,SKIN07,Leg,46.194,1210,2619.8888888888887,1816.111111111111,0.0,0.0
363,SKIN07,Forearm,33.218,1210,2780.5833333333335,1719.4166666666667,0.0,0.0
364,SKIN08,Bicep,-15.498,700,4095.0,0.0,0.0013545080368289639,1.0
377,SKIN08,Neck,-20.208,700,4095.0,0.0,0.0012898915418227215,1.0
390,SKIN08,Leg,-17.342000000000002,700,4095.0,0.0,0.0016388206148564295,1.0
403,SKIN08,Forearm,-12.792,700,4095.0,0.0,0.0010383748829588017,1.0
365,SKIN08,Bicep,-15.498,730,4095.0,0.0,0.0011740695224719102,1.0
378,SKIN08,Neck,-20.208,730,4095.0,0.0,0.0010714146379525594,1.0
391,SKIN08,Leg,-17.342000000000002,730,4095.0,0.0,0.0015069054307116107,1.0
404,SKIN08,Forearm,-12.792,730,4095.0,0.0,0.0008236774344569289,1.0
366,SKIN08,Bicep,-15.498,760,4095.0,0.0,0.0005720388576779025,1.0
379,SKIN08,Neck,-20.208,760,4095.0,0.0,0.00040110994069912615,1.0
392,SKIN08,Leg,-17.342000000000002,760,4095.0,0.0,0.0008846363920099876,1.0
405,SKIN08,Forearm,-12.792,760,4095.0,0.0,0.00042811475889513104,1.0
367,SKIN08,Bicep,-15.498,800,4008.8888888888887,0.0,0.0001187480493133583,1.0
380,SKIN08,Neck,-20.208,800,3983.3333333333335,0.0,4.0964419475655426e-05,1.0
393,SKIN08,Leg,-17.342000000000002,800,4095.0,0.0,0.00024212897940074907,1.0
406,SKIN08,Forearm,-12.792,800,4083.25,0.0,0.0001488617743445693,1.0
368,SKIN08,Bicep,-15.498,850,3254.5555555555557,360.0,4.876716604244695e-07,0.2222222222222222
381,SKIN08,Neck,-20.208,850,3223.0,616.2222222222222,0.0,0.0
394,SKIN08,Leg,-17.342000000000002,850,3751.5555555555557,459.22222222222223,0.0,0.0
407,SKIN08,Forearm,-12.792,850,3649.25,70.16666666666667,9.326720505617978e-06,0.75
369,SKIN08,Bicep,-15.498,910,2618.6666666666665,1060.0,0.0,0.0
382,SKIN08,Neck,-20.208,910,2591.8888888888887,1228.111111111111,0.0,0.0
395,SKIN08,Leg,-17.342000000000002,910,2878.6666666666665,1211.2222222222222,0.0,0.0
408,SKIN08,Forearm,-12.792,910,2760.0,808.3333333333334,0.0,0.0
370,SKIN08,Bicep,-15.498,930,2525.777777777778,1202.0,0.0,0.0
383,SKIN08,Neck,-20.208,930,2551.6666666666665,1296.3333333333333,0.0,0.0
396,SKIN08,Leg,-17.342000000000002,930,2666.777777777778,1360.3333333333333,0.0,0.0
409,SKIN08,Forearm,-12.792,930,2617.3333333333335,998.5833333333334,0.0,0.0
371,SKIN08,Bicep,-15.498,950,2509.8888888888887,1463.4444444444443,0.0,0.0
384,SKIN08,Neck,-20.208,950,2566.5555555555557,1574.6666666666667,0.0,0.0
397,SKIN08,Leg,-17.342000000000002,950,2791.1111111111113,1612.2222222222222,0.0,0.0
410,SKIN08,Forearm,-12.792,950,2728.9166666666665,1325.5,0.0,0.0
372,SKIN08,Bicep,-15.498,980,2496.5555555555557,1680.5555555555557,0.0,0.0
385,SKIN08,Neck,-20.208,980,2577.8888888888887,1771.2222222222222,0.0,0.0
398,SKIN08,Leg,-17.342000000000002,980,2743.5555555555557,1802.3333333333333,0.0,0.0
411,SKIN08,Forearm,-12.792,980,2738.0,1599.8333333333333,0.0,0.0
373,SKIN08,Bicep,-15.498,1030,2343.8888888888887,1789.888888888889,0.0,0.0
386,SKIN08,Neck,-20.208,1030,2346.5555555555557,1836.5555555555557,0.0,0.0
399,SKIN08,Leg,-17.342000000000002,1030,2450.6666666666665,1870.111111111111,0.0,0.0
412,SKIN08,Forearm,-12.792,1030,2405.0,1726.0833333333333,0.0,0.0
374,SKIN08,Bicep,-15.498,1080,2293.8888888888887,1885.7777777777778,0.0,0.0
387,SKIN08,Neck,-20.208,1080,2306.222222222222,1910.2222222222222,0.0,0.0
400,SKIN08,Leg,-17.342000000000002,1080,2371.1111111111113,1922.5555555555557,0.0,0.0
413,SKIN08,Forearm,-12.792,1080,2338.6666666666665,1835.75,0.0,0.0
375,SKIN08,Bicep,-15.498,1100,2299.6666666666665,1918.111111111111,0.0,0.0
388,SKIN08,Neck,-20.208,1100,2322.4444444444443,1940.888888888889,0.0,0.0
401,SKIN08,Leg,-17.342000000000002,1100,2374.6666666666665,1955.3333333333333,0.0,0.0
414,SKIN08,Forearm,-12.792,1100,2354.1666666666665,1894.25,0.0,0.0
376,SKIN08,Bicep,-15.498,1210,2570.4444444444443,1760.0,0.0,0.0
389,SKIN08,Neck,-20.208,1210,2611.8888888888887,1797.888888888889,0.0,0.0
402,SKIN08,Leg,-17.342000000000002,1210,2612.6666666666665,1865.6666666666667,0.0,0.0
415,SKIN08,Forearm,-12.792,1210,2695.5,1740.8333333333333,0.0,0.0
416,SKIN09,Bicep,9.376,700,4095.0,0.0,0.00042817571785268413,1.0
429,SKIN09,Neck,7.684,700,4095.0,0.0,0.0007988061797752809,1.0
442,SKIN09,Leg,15.37,700,4095.0,0.0,0.0004525593008739076,1.0
455,SKIN09,Forearm,0.3639999999999999,700,4095.0,0.0,0.000924625468164794,1.0
417,SKIN09,Bicep,9.376,730,4060.5555555555557,0.0,0.0001840960518102372,1.0
430,SKIN09,Neck,7.684,730,4095.0,0.0,0.0005803292759051187,1.0
443,SKIN09,Leg,15.37,730,4095.0,0.0,0.00021701388888888893,1.0
456,SKIN09,Forearm,0.3639999999999999,730,4095.0,0.0,0.0005831943469101123,1.0
418,SKIN09,Bicep,9.376,760,3587.222222222222,61.0,1.6337000624219727e-05,0.5555555555555556
431,SKIN09,Neck,7.684,760,4047.6666666666665,0.0,8.85124063670412e-05,1.0
444,SKIN09,Leg,15.37,760,3889.1111111111113,142.77777777777777,2.682194132334582e-06,0.2222222222222222
457,SKIN09,Forearm,0.3639999999999999,760,4095.0,0.0,0.0001642234316479401,1.0
419,SKIN09,Bicep,9.376,800,3192.6666666666665,536.8888888888889,0.0,0.0
432,SKIN09,Neck,7.684,800,3824.3333333333335,247.33333333333334,3.169865792759051e-06,0.3333333333333333
445,SKIN09,Leg,15.37,800,3416.777777777778,626.7777777777778,0.0,0.0
458,SKIN09,Forearm,0.3639999999999999,800,3959.25,142.5,1.2984257958801499e-05,0.5833333333333334
420,SKIN09,Bicep,9.376,850,2745.1111111111113,1224.0,0.0,0.0
433,SKIN09,Neck,7.684,850,3128.777777777778,1023.1111111111111,0.0,0.0
446,SKIN09,Leg,15.37,850,2888.8888888888887,1255.7777777777778,0.0,0.0
459,SKIN09,Forearm,0.3639999999999999,850,3255.5,820.8333333333334,0.0,0.0
421,SKIN09,Bicep,9.376,910,2436.8888888888887,1583.7777777777778,0.0,0.0
434,SKIN09,Neck,7.684,910,2588.222222222222,1496.2222222222222,0.0,0.0
447,SKIN09,Leg,15.37,910,2478.1111111111113,1643.888888888889,0.0,0.0
460,SKIN09,Forearm,0.3639999999999999,910,2641.75,1341.1666666666667,0.0,0.0
422,SKIN09,Bicep,9.376,930,2528.1111111111113,1637.5555555555557,0.0,0.0
435,SKIN09,Neck,7.684,930,2561.8888888888887,1583.111111111111,0.0,0.0
448,SKIN09,Leg,15.37,930,2567.5555555555557,1728.4444444444443,0.0,0.0
461,SKIN09,Forearm,0.3639999999999999,930,2577.75,1402.0833333333333,0.0,0.0
423,SKIN09,Bicep,9.376,950,2392.6666666666665,1730.3333333333333,0.0,0.0
436,SKIN09,Neck,7.684,950,2590.1111111111113,1751.888888888889,0.0,0.0
449,SKIN09,Leg,15.37,950,2480.8888888888887,1843.2222222222222,0.0,0.0
462,SKIN09,Forearm,0.3639999999999999,950,2608.4166666666665,1645.5833333333333,0.0,0.0
424,SKIN09,Bicep,9.376,980,2402.6666666666665,1795.5555555555557,0.0,0.0
437,SKIN09,Neck,7.684,980,2616.5555555555557,1827.5555555555557,0.0,0.0
450,SKIN09,Leg,15.37,980,2527.777777777778,1861.4444444444443,0.0,0.0
463,SKIN09,Forearm,0.3639999999999999,980,2640.9166666666665,1772.6666666666667,0.0,0.0
425,SKIN09,Bicep,9.376,1030,2316.777777777778,1900.888888888889,0.0,0.0
438,SKIN09,Neck,7.684,1030,2407.8888888888887,1914.7777777777778,0.0,0.0
451,SKIN09,Leg,15.37,1030,2355.4444444444443,1943.111111111111,0.0,0.0
464,SKIN09,Forearm,0.3639999999999999,1030,2412.1666666666665,1834.4166666666667,0.0,0.0
426,SKIN09,Bicep,9.376,1080,2293.1111111111113,1945.5555555555557,0.0,0.0
439,SKIN09,Neck,7.684,1080,2332.6666666666665,1953.888888888889,0.0,0.0
452,SKIN09,Leg,15.37,1080,2287.8888888888887,1972.0,0.0,0.0
465,SKIN09,Forearm,0.3639999999999999,1080,2344.0833333333335,1900.0,0.0,0.0
427,SKIN09,Bicep,9.376,1100,2304.777777777778,1951.3333333333333,0.0,0.0
440,SKIN09,Neck,7.684,1100,2329.0,1970.5555555555557,0.0,0.0
453,SKIN09,Leg,15.37,1100,2321.8888888888887,1973.111111111111,0.0,0.0
466,SKIN09,Forearm,0.3639999999999999,1100,2340.5,1928.75,0.0,0.0
428,SKIN09,Bicep,9.376,1210,2597.4444444444443,1794.888888888889,0.0,0.0
441,SKIN09,Neck,7.684,1210,2602.1111111111113,1853.5555555555557,0.0,0.0
454,SKIN09,Leg,15.37,1210,2591.0,1853.2222222222222,0.0,0.0
467,SKIN09,Forearm,0.3639999999999999,1210,2629.25,1794.4166666666667,0.0,0.0
468,SKIN10,Bicep,42.734,700,2946.0,1069.6666666666667,0.0,0.0
481,SKIN10,Neck,38.072,700,3026.222222222222,1237.888888888889,0.0,0.0
494,SKIN10,Leg,53.91799999999999,700,2995.1111111111113,1225.5555555555557,0.0,0.0
507,SKIN10,Forearm,52.705999999999996,700,2738.0,1459.2857142857142,0.0,0.0
469,SKIN10,Bicep,42.734,730,2837.1111111111113,1218.0,0.0,0.0
482,SKIN10,Neck,38.072,730,2908.777777777778,1370.4444444444443,0.0,0.0
495,SKIN10,Leg,53.91799999999999,730,2905.8888888888887,1332.2222222222222,0.0,0.0
508,SKIN10,Forearm,52.705999999999996,730,2659.1428571428573,1552.357142857143,0.0,0.0
470,SKIN10,Bicep,42.734,760,2635.222222222222,1459.0,0.0,0.0
483,SKIN10,Neck,38.072,760,2695.3333333333335,1607.888888888889,0.0,0.0
496,SKIN10,Leg,53.91799999999999,760,2709.777777777778,1512.4444444444443,0.0,0.0
509,SKIN10,Forearm,52.705999999999996,760,2550.5,1685.857142857143,0.0,0.0
471,SKIN10,Bicep,42.734,800,2524.222222222222,1654.2222222222222,0.0,0.0
484,SKIN10,Neck,38.072,800,2563.1111111111113,1747.888888888889,0.0,0.0
497,SKIN10,Leg,53.91799999999999,800,2594.222222222222,1653.6666666666667,0.0,0.0
510,SKIN10,Forearm,52.705999999999996,800,2552.6428571428573,1699.7857142857142,0.0,0.0
472,SKIN10,Bicep,42.734,850,2428.222222222222,1782.7777777777778,0.0,0.0
485,SKIN10,Neck,38.072,850,2456.5555555555557,1856.2222222222222,0.0,0.0
498,SKIN10,Leg,53.91799999999999,850,2451.3333333333335,1807.111111111111,0.0,0.0
511,SKIN10,Forearm,52.705999999999996,850,2548.785714285714,1712.2142857142858,0.0,0.0
473,SKIN10,Bicep,42.734,910,2443.4444444444443,1824.111111111111,0.0,0.0
486,SKIN10,Neck,38.072,910,2444.1111111111113,1895.888888888889,0.0,0.0
499,SKIN10,Leg,53.91799999999999,910,2440.8888888888887,1874.5555555555557,0.0,0.0
512,SKIN10,Forearm,52.705999999999996,910,2494.714285714286,1765.642857142857,0.0,0.0
474,SKIN10,Bicep,42.734,930,2537.222222222222,1795.7777777777778,0.0,0.0
487,SKIN10,Neck,38.072,930,2549.1111111111113,1891.888888888889,0.0,0.0
500,SKIN10,Leg,53.91799999999999,930,2582.0,1862.3333333333333,0.0,0.0
513,SKIN10,Forearm,52.705999999999996,930,2643.785714285714,1773.7857142857142,0.0,0.0
475,SKIN10,Bicep,42.734,950,2378.1111111111113,1861.2222222222222,0.0,0.0
488,SKIN10,Neck,38.072,950,2377.4444444444443,1845.5555555555557,0.0,0.0
501,SKIN10,Leg,53.91799999999999,950,2362.5555555555557,1912.111111111111,0.0,0.0
514,SKIN10,Forearm,52.705999999999996,950,2414.3571428571427,1805.7857142857142,0.0,0.0
476,SKIN10,Bicep,42.734,980,2416.8888888888887,1853.3333333333333,0.0,0.0
489,SKIN10,Neck,38.072,980,2468.4444444444443,1822.888888888889,0.0,0.0
502,SKIN10,Leg,53.91799999999999,980,2471.6666666666665,1876.888888888889,0.0,0.0
515,SKIN10,Forearm,52.705999999999996,980,2516.0714285714284,1823.2142857142858,0.0,0.0
477,SKIN10,Bicep,42.734,1030,2311.8888888888887,1928.5555555555557,0.0,0.0
490,SKIN10,Neck,38.072,1030,2344.6666666666665,1938.3333333333333,0.0,0.0
503,SKIN10,Leg,53.91799999999999,1030,2340.222222222222,1962.2222222222222,0.0,0.0
516,SKIN10,Forearm,52.705999999999996,1030,2347.785714285714,1908.5,0.0,0.0
478,SKIN10,Bicep,42.734,1080,2294.0,1959.3333333333333,0.0,0.0
491,SKIN10,Neck,38.072,1080,2300.1111111111113,1975.4444444444443,0.0,0.0
504,SKIN10,Leg,53.91799999999999,1080,2289.6666666666665,1976.888888888889,0.0,0.0
517,SKIN10,Forearm,52.705999999999996,1080,2316.0,1947.5,0.0,0.0
479,SKIN10,Bicep,42.734,1100,2309.222222222222,1964.7777777777778,0.0,0.0
492,SKIN10,Neck,38.072,1100,2303.8888888888887,1970.5555555555557,0.0,0.0
505,SKIN10,Leg,53.91799999999999,1100,2303.1111111111113,1976.5555555555557,0.0,0.0
518,SKIN10,Forearm,52.705999999999996,1100,2312.8571428571427,1962.2857142857142,0.0,0.0
480,SKIN10,Bicep,42.734,1210,2570.6666666666665,1794.7777777777778,0.0,0.0
493,SKIN10,Neck,38.072,1210,2569.1111111111113,1842.3333333333333,0.0,0.0
506,SKIN10,Leg,53.91799999999999,1210,2594.777777777778,1822.6666666666667,0.0,0.0
519,SKIN10,Forearm,52.705999999999996,1210,2677.8571428571427,1733.5,0.0,0.0
520,SKIN11,Bicep,14.658000000000001,700,3741.6666666666665,0.0,6.973704744069914e-05,1.0
533,SKIN11,Neck,21.996,700,3209.8888888888887,854.5555555555555,0.0,0.0
546,SKIN11,Leg,21.324,700,4045.3333333333335,86.77777777777777,2.999180711610487e-05,0.6666666666666666
559,SKIN11,Forearm,32.446,700,3919.1666666666665,217.58333333333334,5.248566245318352e-05,0.75
521,SKIN11,Bicep,14.658000000000001,730,3510.3333333333335,20.88888888888889,9.509597378277153e-06,0.5555555555555556
534,SKIN11,Neck,21.996,730,3023.5555555555557,1091.4444444444443,0.0,0.0
547,SKIN11,Leg,21.324,730,3871.3333333333335,202.77777777777777,4.389044943820225e-06,0.3333333333333333
560,SKIN11,Forearm,32.446,730,3902.8333333333335,241.91666666666666,3.767263576779026e-05,0.75
522,SKIN11,Bicep,14.658000000000001,760,3067.0,579.2222222222222,0.0,0.0
535,SKIN11,Neck,21.996,760,2738.3333333333335,1386.6666666666667,0.0,0.0
548,SKIN11,Leg,21.324,760,3369.777777777778,720.3333333333334,0.0,0.0
561,SKIN11,Forearm,32.446,760,3553.25,333.1666666666667,7.86370552434457e-06,0.75
523,SKIN11,Bicep,14.658000000000001,800,2789.6666666666665,1050.5555555555557,0.0,0.0
536,SKIN11,Neck,21.996,800,2604.222222222222,1596.3333333333333,0.0,0.0
549,SKIN11,Leg,21.324,800,2970.5555555555557,1170.888888888889,0.0,0.0
562,SKIN11,Forearm,32.446,800,3204.8333333333335,646.5833333333334,1.8287687265917604e-07,0.08333333333333333
524,SKIN11,Bicep,14.658000000000001,850,2525.1111111111113,1508.3333333333333,0.0,0.0
537,SKIN11,Neck,21.996,850,2451.5555555555557,1801.6666666666667,0.0,0.0
550,SKIN11,Leg,21.324,850,2622.1111111111113,1593.2222222222222,0.0,0.0
563,SKIN11,Forearm,32.446,850,2812.5,1210.4166666666667,0.0,0.0
525,SKIN11,Bicep,14.658000000000001,910,2422.3333333333335,1660.7777777777778,0.0,0.0
538,SKIN11,Neck,21.996,910,2435.222222222222,1866.888888888889,0.0,0.0
551,SKIN11,Leg,21.324,910,2454.4444444444443,1820.6666666666667,0.0,0.0
564,SKIN11,Forearm,32.446,910,2542.9166666666665,1557.6666666666667,0.0,0.0
526,SKIN11,Bicep,14.658000000000001,930,2548.0,1629.5555555555557,0.0,0.0
539,SKIN11,Neck,21.996,930,2531.777777777778,1821.0,0.0,0.0
552,SKIN11,Leg,21.324,930,2561.0,1865.4444444444443,0.0,0.0
565,SKIN11,Forearm,32.446,930,2682.6666666666665,1634.1666666666667,0.0,0.0
527,SKIN11,Bicep,14.658000000000001,950,2377.8888888888887,1809.888888888889,0.0,0.0
540,SKIN11,Neck,21.996,950,2365.6666666666665,1882.0,0.0,0.0
553,SKIN11,Leg,21.324,950,2433.6666666666665,1870.111111111111,0.0,0.0
566,SKIN11,Forearm,32.446,950,2466.9166666666665,1784.8333333333333,0.0,0.0
528,SKIN11,Bicep,14.658000000000001,980,2383.777777777778,1844.111111111111,0.0,0.0
541,SKIN11,Neck,21.996,980,2437.3333333333335,1865.4444444444443,0.0,0.0
554,SKIN11,Leg,21.324,980,2493.0,1852.0,0.0,0.0
567,SKIN11,Forearm,32.446,980,2587.5833333333335,1833.0833333333333,0.0,0.0
529,SKIN11,Bicep,14.658000000000001,1030,2319.0,1906.111111111111,0.0,0.0
542,SKIN11,Neck,21.996,1030,2339.1111111111113,1934.6666666666667,0.0,0.0
555,SKIN11,Leg,21.324,1030,2321.6666666666665,1959.3333333333333,0.0,0.0
568,SKIN11,Forearm,32.446,1030,2372.4166666666665,1922.6666666666667,0.0,0.0
530,SKIN11,Bicep,14.658000000000001,1080,2292.777777777778,1952.888888888889,0.0,0.0
543,SKIN11,Neck,21.996,1080,2307.222222222222,1964.6666666666667,0.0,0.0
556,SKIN11,Leg,21.324,1080,2290.8888888888887,1977.4444444444443,0.0,0.0
569,SKIN11,Forearm,32.446,1080,2314.8333333333335,1953.5833333333333,0.0,0.0
531,SKIN11,Bicep,14.658000000000001,1100,2312.777777777778,1965.111111111111,0.0,0.0
544,SKIN11,Neck,21.996,1100,2310.1111111111113,1964.4444444444443,0.0,0.0
557,SKIN11,Leg,21.324,1100,2304.222222222222,1979.3333333333333,0.0,0.0
570,SKIN11,Forearm,32.446,1100,2325.0,1964.9166666666667,0.0,0.0
532,SKIN11,Bicep,14.658000000000001,1210,2600.222222222222,1692.5555555555557,0.0,0.0
545,SKIN11,Neck,21.996,1210,2572.222222222222,1811.0,0.0,0.0
558,SKIN11,Leg,21.324,1210,2627.6666666666665,1844.4444444444443,0.0,0.0
571,SKIN11,Forearm,32.446,1210,2774.8333333333335,1722.5,0.0,0.0
572,SKIN12,Bicep,67.998,700,2382.0,1915.111111111111,0.0,0.0
585,SKIN12,Neck,42.085,700,2405.777777777778,1822.5555555555557,0.0,0.0
598,SKIN12,Leg,61.162,700,2418.5555555555557,1858.4444444444443,0.0,0.0
611,SKIN12,Forearm,64.144,700,2481.4615384615386,1822.8461538461538,0.0,0.0
573,SKIN12,Bicep,67.998,730,2395.0,1921.4444444444443,0.0,0.0
586,SKIN12,Neck,42.085,730,2386.222222222222,1848.2222222222222,0.0,0.0
599,SKIN12,Leg,61.162,730,2387.6666666666665,1869.888888888889,0.0,0.0
612,SKIN12,Forearm,64.144,730,2527.6153846153848,1785.923076923077,0.0,0.0
574,SKIN12,Bicep,67.998,760,2385.777777777778,1914.5555555555557,0.0,0.0
587,SKIN12,Neck,42.085,760,2361.1111111111113,1878.4444444444443,0.0,0.0
600,SKIN12,Leg,61.162,760,2387.8888888888887,1856.111111111111,0.0,0.0
613,SKIN12,Forearm,64.144,760,2566.6923076923076,1772.076923076923,0.0,0.0
575,SKIN12,Bicep,67.998,800,2351.6666666666665,1937.4444444444443,0.0,0.0
588,SKIN12,Neck,42.085,800,2336.6666666666665,1916.888888888889,0.0,0.0
601,SKIN12,Leg,61.162,800,2385.4444444444443,1877.6666666666667,0.0,0.0
614,SKIN12,Forearm,64.144,800,2666.846153846154,1739.6923076923076,0.0,0.0
576,SKIN12,Bicep,67.998,850,2328.8888888888887,1941.0,0.0,0.0
589,SKIN12,Neck,42.085,850,2340.1111111111113,1920.888888888889,0.0,0.0
602,SKIN12,Leg,61.162,850,2364.6666666666665,1865.3333333333333,0.0,0.0
615,SKIN12,Forearm,64.144,850,2632.076923076923,1748.3076923076924,0.0,0.0
577,SKIN12,Bicep,67.998,910,2418.3333333333335,1903.111111111111,0.0,0.0
590,SKIN12,Neck,42.085,910,2451.222222222222,1894.111111111111,0.0,0.0
603,SKIN12,Leg,61.162,910,2436.8888888888887,1874.888888888889,0.0,0.0
616,SKIN12,Forearm,64.144,910,2532.3076923076924,1784.076923076923,0.0,0.0
578,SKIN12,Bicep,67.998,930,2523.4444444444443,1840.7777777777778,0.0,0.0
591,SKIN12,Neck,42.085,930,2546.5555555555557,1815.6666666666667,0.0,0.0
604,SKIN12,Leg,61.162,930,2548.222222222222,1817.888888888889,0.0,0.0
617,SKIN12,Forearm,64.144,930,2522.6153846153848,1790.6153846153845,0.0,0.0
579,SKIN12,Bicep,67.998,950,2358.3333333333335,1902.4444444444443,0.0,0.0
592,SKIN12,Neck,42.085,950,2332.3333333333335,1882.4444444444443,0.0,0.0
605,SKIN12,Leg,61.162,950,2353.3333333333335,1873.3333333333333,0.0,0.0
618,SKIN12,Forearm,64.144,950,2452.230769230769,1836.3846153846155,0.0,0.0
580,SKIN12,Bicep,67.998,980,2401.6666666666665,1842.4444444444443,0.0,0.0
593,SKIN12,Neck,42.085,980,2379.777777777778,1852.111111111111,0.0,0.0
606,SKIN12,Leg,61.162,980,2400.0,1857.7777777777778,0.0,0.0
619,SKIN12,Forearm,64.144,980,2460.6923076923076,1865.7692307692307,0.0,0.0
581,SKIN12,Bicep,67.998,1030,2311.0,1962.0,0.0,0.0
594,SKIN12,Neck,42.085,1030,2311.0,1955.7777777777778,0.0,0.0
607,SKIN12,Leg,61.162,1030,2323.3333333333335,1952.7777777777778,0.0,0.0
620,SKIN12,Forearm,64.144,1030,2381.6923076923076,1905.1538461538462,0.0,0.0
582,SKIN12,Bicep,67.998,1080,2284.0,1980.6666666666667,0.0,0.0
595,SKIN12,Neck,42.085,1080,2305.5555555555557,1976.111111111111,0.0,0.0
608,SKIN12,Leg,61.162,1080,2291.222222222222,1978.7777777777778,0.0,0.0
621,SKIN12,Forearm,64.144,1080,2320.769230769231,1935.5384615384614,0.0,0.0
583,SKIN12,Bicep,67.998,1100,2297.777777777778,1973.5555555555557,0.0,0.0
596,SKIN12,Neck,42.085,1100,2307.8888888888887,1976.111111111111,0.0,0.0
609,SKIN12,Leg,61.162,1100,2297.8888888888887,1979.111111111111,0.0,0.0
622,SKIN12,Forearm,64.144,1100,2314.153846153846,1951.6153846153845,0.0,0.0
584,SKIN12,Bicep,67.998,1210,2599.0,1786.2222222222222,0.0,0.0
597,SKIN12,Neck,42.085,1210,2566.5555555555557,1781.111111111111,0.0,0.0
610,SKIN12,Leg,61.162,1210,2613.777777777778,1780.0,0.0,0.0
623,SKIN12,Forearm,64.144,1210,2566.3846153846152,1793.3846153846155,0.0,0.0
624,SKIN13,Bicep,40.146,700,3079.5,745.0,0.0,0.0
625,SKIN13,Bicep,40.146,730,2935.5,996.0,0.0,0.0
626,SKIN13,Bicep,40.146,760,2682.0,1298.5,0.0,0.0
627,SKIN13,Bicep,40.146,800,2624.0,1551.5,0.0,0.0
628,SKIN13,Bicep,40.146,850,2453.5,1669.5,0.0,0.0
629,SKIN13,Bicep,40.146,910,2412.5,1749.5,0.0,0.0
630,SKIN13,Bicep,40.146,930,2527.0,1754.0,0.0,0.0
631,SKIN13,Bicep,40.146,950,2376.0,1789.0,0.0,0.0
632,SKIN13,Bicep,40.146,980,2440.0,1828.0,0.0,0.0
633,SKIN13,Bicep,40.146,1030,2323.5,1906.0,0.0,0.0
634,SKIN13,Bicep,40.146,1080,2287.5,1949.0,0.0,0.0
635,SKIN13,Bicep,40.146,1100,2302.0,1961.5,0.0,0.0
636,SKIN13,Bicep,40.146,1210,2590.5,1755.0,0.0,0.0
637,SKIN14,Bicep,3.8020000000000005,700,4095.0,0.0,0.0005349758114856429,1.0
650,SKIN14,Neck,1.09,700,4095.0,0.0,0.0004786497347066167,1.0
663,SKIN14,Leg,-8.574,700,4095.0,0.0,0.001318420333957553,1.0
676,SKIN14,Forearm,1.5059999999999998,700,4095.0,0.0,0.000637874531835206,1.0
638,SKIN14,Bicep,3.8020000000000005,730,4010.3333333333335,0.0,0.00034380852059925096,1.0
651,SKIN14,Neck,1.09,730,4087.1111111111113,0.0,0.0003152797284644195,1.0
664,SKIN14,Leg,-8.574,730,4095.0,0.0,0.0010550776373283396,1.0
677,SKIN14,Forearm,1.5059999999999998,730,4095.0,0.0,0.00044804833801498134,1.0
639,SKIN14,Bicep,3.8020000000000005,760,3638.3333333333335,17.333333333333332,2.023837390761548e-05,0.8888888888888888
652,SKIN14,Neck,1.09,760,3785.5555555555557,0.0,5.364388264669163e-05,1.0
665,SKIN14,Leg,-8.574,760,4095.0,0.0,0.00040379213483146065,1.0
678,SKIN14,Forearm,1.5059999999999998,760,3957.0,65.66666666666667,3.035756086142322e-05,0.8333333333333334
640,SKIN14,Bicep,3.8020000000000005,800,3244.5555555555557,452.55555555555554,0.0,0.0
653,SKIN14,Neck,1.09,800,3401.5555555555557,368.0,1.2191791510611735e-06,0.2222222222222222
666,SKIN14,Leg,-8.574,800,3989.222222222222,0.0,2.4627418851435706e-05,1.0
679,SKIN14,Forearm,1.5059999999999998,800,3535.1666666666665,468.75,0.0,0.0
641,SKIN14,Bicep,3.8020000000000005,850,2785.6666666666665,1117.3333333333333,0.0,0.0
654,SKIN14,Neck,1.09,850,2855.222222222222,1111.7777777777778,0.0,0.0
667,SKIN14,Leg,-8.574,850,3245.222222222222,608.2222222222222,0.0,0.0
680,SKIN14,Forearm,1.5059999999999998,850,2968.5833333333335,1138.5,0.0,0.0
642,SKIN14,Bicep,3.8020000000000005,910,2450.6666666666665,1506.4444444444443,0.0,0.0
655,SKIN14,Neck,1.09,910,2480.0,1516.111111111111,0.0,0.0
668,SKIN14,Leg,-8.574,910,2588.8888888888887,1235.0,0.0,0.0
681,SKIN14,Forearm,1.5059999999999998,910,2492.0833333333335,1509.1666666666667,0.0,0.0
643,SKIN14,Bicep,3.8020000000000005,930,2550.3333333333335,1556.4444444444443,0.0,0.0
656,SKIN14,Neck,1.09,930,2525.1111111111113,1551.6666666666667,0.0,0.0
669,SKIN14,Leg,-8.574,930,2575.6666666666665,1342.111111111111,0.0,0.0
682,SKIN14,Forearm,1.5059999999999998,930,2548.75,1540.9166666666667,0.0,0.0
644,SKIN14,Bicep,3.8020000000000005,950,2424.0,1702.5555555555557,0.0,0.0
657,SKIN14,Neck,1.09,950,2428.222222222222,1720.888888888889,0.0,0.0
670,SKIN14,Leg,-8.574,950,2586.5555555555557,1602.3333333333333,0.0,0.0
683,SKIN14,Forearm,1.5059999999999998,950,2524.9166666666665,1723.5833333333333,0.0,0.0
645,SKIN14,Bicep,3.8020000000000005,980,2465.5555555555557,1804.0,0.0,0.0
658,SKIN14,Neck,1.09,980,2451.0,1794.5555555555557,0.0,0.0
671,SKIN14,Leg,-8.574,980,2578.3333333333335,1795.888888888889,0.0,0.0
684,SKIN14,Forearm,1.5059999999999998,980,2541.6666666666665,1822.3333333333333,0.0,0.0
646,SKIN14,Bicep,3.8020000000000005,1030,2332.777777777778,1877.5555555555557,0.0,0.0
659,SKIN14,Neck,1.09,1030,2343.8888888888887,1879.0,0.0,0.0
672,SKIN14,Leg,-8.574,1030,2373.4444444444443,1846.2222222222222,0.0,0.0
685,SKIN14,Forearm,1.5059999999999998,1030,2352.25,1869.4166666666667,0.0,0.0
647,SKIN14,Bicep,3.8020000000000005,1080,2325.6666666666665,1933.0,0.0,0.0
660,SKIN14,Neck,1.09,1080,2306.1111111111113,1930.5555555555557,0.0,0.0
673,SKIN14,Leg,-8.574,1080,2330.222222222222,1918.111111111111,0.0,0.0
686,SKIN14,Forearm,1.5059999999999998,1080,2314.1666666666665,1927.4166666666667,0.0,0.0
648,SKIN14,Bicep,3.8020000000000005,1100,2313.0,1946.2222222222222,0.0,0.0
661,SKIN14,Neck,1.09,1100,2312.6666666666665,1945.6666666666667,0.0,0.0
674,SKIN14,Leg,-8.574,1100,2331.1111111111113,1946.0,0.0,0.0
687,SKIN14,Forearm,1.5059999999999998,1100,2327.5,1945.5,0.0,0.0
649,SKIN14,Bicep,3.8020000000000005,1210,2574.777777777778,1802.111111111111,0.0,0.0
662,SKIN14,Neck,1.09,1210,2566.777777777778,1824.3333333333333,0.0,0.0
675,SKIN14,Leg,-8.574,1210,2576.5555555555557,1828.3333333333333,0.0,0.0
688,SKIN14,Forearm,1.5059999999999998,1210,2577.9166666666665,1733.6666666666667,0.0,0.0
689,SKIN15,Bicep,32.224000000000004,700,3240.8888888888887,398.6666666666667,0.0,0.0
702,SKIN15,Neck,23.472,700,3867.3333333333335,114.11111111111111,3.901373283395755e-06,0.3333333333333333
715,SKIN15,Leg,33.368,700,3770.8888888888887,382.44444444444446,0.0,0.0
728,SKIN15,Forearm,16.216,700,4033.0833333333335,0.0,0.0001252706577715356,1.0
690,SKIN15,Bicep,32.224000000000004,730,3072.5555555555557,619.5555555555555,0.0,0.0
703,SKIN15,Neck,23.472,730,3635.222222222222,317.8888888888889,1.4630149812734083e-06,0.2222222222222222
716,SKIN15,Leg,33.368,730,3514.5555555555557,664.7777777777778,0.0,0.0
729,SKIN15,Forearm,16.216,730,3906.6666666666665,0.0,3.858702013108615e-05,1.0
691,SKIN15,Bicep,32.224000000000004,760,2805.4444444444443,1030.888888888889,0.0,0.0
704,SKIN15,Neck,23.472,760,3211.3333333333335,753.3333333333334,0.0,0.0
717,SKIN15,Leg,33.368,760,3131.4444444444443,1094.5555555555557,0.0,0.0
730,SKIN15,Forearm,16.216,760,3423.6666666666665,227.5,1.8287687265917604e-07,0.08333333333333333
692,SKIN15,Bicep,32.224000000000004,800,2647.3333333333335,1337.4444444444443,0.0,0.0
705,SKIN15,Neck,23.472,800,2920.0,1138.888888888889,0.0,0.0
718,SKIN15,Leg,33.368,800,2867.4444444444443,1370.888888888889,0.0,0.0
731,SKIN15,Forearm,16.216,800,3127.6666666666665,718.5,0.0,0.0
693,SKIN15,Bicep,32.224000000000004,850,2466.1111111111113,1632.111111111111,0.0,0.0
706,SKIN15,Neck,23.472,850,2621.5555555555557,1527.2222222222222,0.0,0.0
719,SKIN15,Leg,33.368,850,2587.0,1663.0,0.0,0.0
732,SKIN15,Forearm,16.216,850,2782.25,1232.4166666666667,0.0,0.0
694,SKIN15,Bicep,32.224000000000004,910,2434.5555555555557,1714.7777777777778,0.0,0.0
707,SKIN15,Neck,23.472,910,2425.5555555555557,1726.6666666666667,0.0,0.0
720,SKIN15,Leg,33.368,910,2439.0,1812.6666666666667,0.0,0.0
733,SKIN15,Forearm,16.216,910,2465.75,1516.5,0.0,0.0
695,SKIN15,Bicep,32.224000000000004,930,2545.777777777778,1685.4444444444443,0.0,0.0
708,SKIN15,Neck,23.472,930,2526.3333333333335,1731.111111111111,0.0,0.0
721,SKIN15,Leg,33.368,930,2549.1111111111113,1821.4444444444443,0.0,0.0
734,SKIN15,Forearm,16.216,930,2543.9166666666665,1544.9166666666667,0.0,0.0
696,SKIN15,Bicep,32.224000000000004,950,2358.777777777778,1819.111111111111,0.0,0.0
709,SKIN15,Neck,23.472,950,2444.1111111111113,1855.111111111111,0.0,0.0
722,SKIN15,Leg,33.368,950,2429.777777777778,1894.5555555555557,0.0,0.0
735,SKIN15,Forearm,16.216,950,2482.9166666666665,1740.3333333333333,0.0,0.0
697,SKIN15,Bicep,32.224000000000004,980,2406.8888888888887,1841.111111111111,0.0,0.0
710,SKIN15,Neck,23.472,980,2525.6666666666665,1828.3333333333333,0.0,0.0
723,SKIN15,Leg,33.368,980,2508.777777777778,1847.0,0.0,0.0
736,SKIN15,Forearm,16.216,980,2548.6666666666665,1830.5833333333333,0.0,0.0
698,SKIN15,Bicep,32.224000000000004,1030,2315.1111111111113,1910.4444444444443,0.0,0.0
711,SKIN15,Neck,23.472,1030,2337.777777777778,1946.5555555555557,0.0,0.0
724,SKIN15,Leg,33.368,1030,2309.4444444444443,1958.7777777777778,0.0,0.0
737,SKIN15,Forearm,16.216,1030,2352.6666666666665,1881.9166666666667,0.0,0.0
699,SKIN15,Bicep,32.224000000000004,1080,2304.5555555555557,1945.3333333333333,0.0,0.0
712,SKIN15,Neck,23.472,1080,2301.222222222222,1966.4444444444443,0.0,0.0
725,SKIN15,Leg,33.368,1080,2302.8888888888887,1976.6666666666667,0.0,0.0
738,SKIN15,Forearm,16.216,1080,2305.8333333333335,1921.75,0.0,0.0
700,SKIN15,Bicep,32.224000000000004,1100,2304.5555555555557,1948.3333333333333,0.0,0.0
713,SKIN15,Neck,23.472,1100,2304.4444444444443,1962.3333333333333,0.0,0.0
726,SKIN15,Leg,33.368,1100,2315.3333333333335,1978.3333333333333,0.0,0.0
739,SKIN15,Forearm,16.216,1100,2312.5833333333335,1947.9166666666667,0.0,0.0
701,SKIN15,Bicep,32.224000000000004,1210,2569.0,1778.2222222222222,0.0,0.0
714,SKIN15,Neck,23.472,1210,2578.1111111111113,1809.111111111111,0.0,0.0
727,SKIN15,Leg,33.368,1210,2572.3333333333335,1846.4444444444443,0.0,0.0
740,SKIN15,Forearm,16.216,1210,2618.1666666666665,1770.9166666666667,0.0,0.0
741,SKIN16,Bicep,50.339999999999996,700,2732.3333333333335,1376.4444444444443,0.0,0.0
754,SKIN16,Neck,39.056,700,2900.8888888888887,1101.5555555555557,0.0,0.0
767,SKIN16,Leg,40.074,700,3146.4444444444443,862.7777777777778,0.0,0.0
780,SKIN16,Forearm,47.834,700,2995.6666666666665,769.0833333333334,0.0,0.0
742,SKIN16,Bicep,50.339999999999996,730,2633.6666666666665,1503.888888888889,0.0,0.0
755,SKIN16,Neck,39.056,730,2776.3333333333335,1239.0,0.0,0.0
768,SKIN16,Leg,40.074,730,3006.777777777778,1049.2222222222222,0.0,0.0
781,SKIN16,Forearm,47.834,730,2873.4166666666665,962.9166666666666,0.0,0.0
743,SKIN16,Bicep,50.339999999999996,760,2509.3333333333335,1655.888888888889,0.0,0.0
756,SKIN16,Neck,39.056,760,2587.6666666666665,1465.3333333333333,0.0,0.0
769,SKIN16,Leg,40.074,760,2752.3333333333335,1342.5555555555557,0.0,0.0
782,SKIN16,Forearm,47.834,760,2721.5833333333335,1213.4166666666667,0.0,0.0
744,SKIN16,Bicep,50.339999999999996,800,2438.3333333333335,1775.111111111111,0.0,0.0
757,SKIN16,Neck,39.056,800,2492.222222222222,1647.5555555555557,0.0,0.0
770,SKIN16,Leg,40.074,800,2627.222222222222,1541.6666666666667,0.0,0.0
783,SKIN16,Forearm,47.834,800,2650.5,1452.9166666666667,0.0,0.0
745,SKIN16,Bicep,50.339999999999996,850,2353.0,1837.6666666666667,0.0,0.0
758,SKIN16,Neck,39.056,850,2402.5555555555557,1803.7777777777778,0.0,0.0
771,SKIN16,Leg,40.074,850,2463.1111111111113,1741.7777777777778,0.0,0.0
784,SKIN16,Forearm,47.834,850,2567.8333333333335,1635.1666666666667,0.0,0.0
746,SKIN16,Bicep,50.339999999999996,910,2441.3333333333335,1838.111111111111,0.0,0.0
759,SKIN16,Neck,39.056,910,2459.1111111111113,1791.5555555555557,0.0,0.0
772,SKIN16,Leg,40.074,910,2440.222222222222,1810.111111111111,0.0,0.0
785,SKIN16,Forearm,47.834,910,2570.4166666666665,1691.5,0.0,0.0
747,SKIN16,Bicep,50.339999999999996,930,2546.3333333333335,1810.5555555555557,0.0,0.0
760,SKIN16,Neck,39.056,930,2583.8888888888887,1744.0,0.0,0.0
773,SKIN16,Leg,40.074,930,2569.777777777778,1792.3333333333333,0.0,0.0
786,SKIN16,Forearm,47.834,930,2680.4166666666665,1676.75,0.0,0.0
748,SKIN16,Bicep,50.339999999999996,950,2336.3333333333335,1866.888888888889,0.0,0.0
761,SKIN16,Neck,39.056,950,2362.1111111111113,1873.4444444444443,0.0,0.0
774,SKIN16,Leg,40.074,950,2374.0,1884.5555555555557,0.0,0.0
787,SKIN16,Forearm,47.834,950,2439.5,1797.5,0.0,0.0
749,SKIN16,Bicep,50.339999999999996,980,2433.4444444444443,1834.5555555555557,0.0,0.0
762,SKIN16,Neck,39.056,980,2463.777777777778,1891.6666666666667,0.0,0.0
775,SKIN16,Leg,40.074,980,2456.0,1869.4444444444443,0.0,0.0
788,SKIN16,Forearm,47.834,980,2506.75,1844.4166666666667,0.0,0.0
750,SKIN16,Bicep,50.339999999999996,1030,2335.222222222222,1936.5555555555557,0.0,0.0
763,SKIN16,Neck,39.056,1030,2318.5555555555557,1927.7777777777778,0.0,0.0
776,SKIN16,Leg,40.074,1030,2343.4444444444443,1948.5555555555557,0.0,0.0
789,SKIN16,Forearm,47.834,1030,2349.9166666666665,1905.8333333333333,0.0,0.0
751,SKIN16,Bicep,50.339999999999996,1080,2296.8888888888887,1973.888888888889,0.0,0.0
764,SKIN16,Neck,39.056,1080,2303.777777777778,1967.888888888889,0.0,0.0
777,SKIN16,Leg,40.074,1080,2287.0,1970.5555555555557,0.0,0.0
790,SKIN16,Forearm,47.834,1080,2317.25,1943.1666666666667,0.0,0.0
752,SKIN16,Bicep,50.339999999999996,1100,2307.0,1971.111111111111,0.0,0.0
765,SKIN16,Neck,39.056,1100,2321.5555555555557,1973.6666666666667,0.0,0.0
778,SKIN16,Leg,40.074,1100,2298.5555555555557,1973.4444444444443,0.0,0.0
791,SKIN16,Forearm,47.834,1100,2317.6666666666665,1959.75,0.0,0.0
753,SKIN16,Bicep,50.339999999999996,1210,2569.3333333333335,1794.6666666666667,0.0,0.0
766,SKIN16,Neck,39.056,1210,2672.1111111111113,1711.5555555555557,0.0,0.0
779,SKIN16,Leg,40.074,1210,2605.0,1794.3333333333333,0.0,0.0
792,SKIN16,Forearm,47.834,1210,2716.5833333333335,1656.25,0.0,0.0
793,SKIN17,Bicep,17.034,700,4087.222222222222,0.0,0.00037648252184769036,1.0
806,SKIN17,Neck,30.184000000000005,700,3772.777777777778,92.77777777777777,1.1460284019975033e-05,0.5555555555555556
819,SKIN17,Leg,16.844,700,4095.0,0.0,0.0004571921816479401,1.0
832,SKIN17,Forearm,29.913999999999998,700,4095.0,0.0,0.00019358823234349922,1.0
794,SKIN17,Bicep,17.034,730,3935.5555555555557,0.0,0.0001441069756554307,1.0
807,SKIN17,Neck,30.184000000000005,730,3572.3333333333335,291.1111111111111,0.0,0.0
820,SKIN17,Leg,16.844,730,4095.0,0.0,0.00012289325842696627,1.0
833,SKIN17,Forearm,29.913999999999998,730,4091.6428571428573,0.0,7.02247191011236e-05,1.0
795,SKIN17,Bicep,17.034,760,3418.8888888888887,105.11111111111111,5.852059925093633e-06,0.3333333333333333
808,SKIN17,Neck,30.184000000000005,760,3155.1111111111113,800.2222222222222,0.0,0.0
821,SKIN17,Leg,16.844,760,3710.5555555555557,167.11111111111111,9.75343320848939e-07,0.3333333333333333
834,SKIN17,Forearm,29.913999999999998,760,3664.5714285714284,245.07142857142858,1.5675160513643662e-07,0.07142857142857142
796,SKIN17,Bicep,17.034,800,3064.0,695.3333333333334,0.0,0.0
809,SKIN17,Neck,30.184000000000005,800,2924.1111111111113,1159.888888888889,0.0,0.0
822,SKIN17,Leg,16.844,800,3231.222222222222,719.3333333333334,0.0,0.0
835,SKIN17,Forearm,29.913999999999998,800,3269.1428571428573,792.8571428571429,0.0,0.0
797,SKIN17,Bicep,17.034,850,2722.8888888888887,1284.2222222222222,0.0,0.0
810,SKIN17,Neck,30.184000000000005,850,2651.8888888888887,1505.6666666666667,0.0,0.0
823,SKIN17,Leg,16.844,850,2769.8888888888887,1328.888888888889,0.0,0.0
836,SKIN17,Forearm,29.913999999999998,850,2834.714285714286,1347.5714285714287,0.0,0.0
798,SKIN17,Bicep,17.034,910,2513.222222222222,1560.5555555555557,0.0,0.0
811,SKIN17,Neck,30.184000000000005,910,2421.3333333333335,1674.6666666666667,0.0,0.0
824,SKIN17,Leg,16.844,910,2449.1111111111113,1665.0,0.0,0.0
837,SKIN17,Forearm,29.913999999999998,910,2521.0714285714284,1654.4285714285713,0.0,0.0
799,SKIN17,Bicep,17.034,930,2568.0,1572.7777777777778,0.0,0.0
812,SKIN17,Neck,30.184000000000005,930,2532.0,1674.3333333333333,0.0,0.0
825,SKIN17,Leg,16.844,930,2561.1111111111113,1700.111111111111,0.0,0.0
838,SKIN17,Forearm,29.913999999999998,930,2591.5,1690.642857142857,0.0,0.0
800,SKIN17,Bicep,17.034,950,2441.6666666666665,1741.3333333333333,0.0,0.0
813,SKIN17,Neck,30.184000000000005,950,2460.6666666666665,1809.7777777777778,0.0,0.0
826,SKIN17,Leg,16.844,950,2462.5555555555557,1842.0,0.0,0.0
839,SKIN17,Forearm,29.913999999999998,950,2520.0,1815.142857142857,0.0,0.0
801,SKIN17,Bicep,17.034,980,2449.222222222222,1820.2222222222222,0.0,0.0
814,SKIN17,Neck,30.184000000000005,980,2517.8888888888887,1834.7777777777778,0.0,0.0
827,SKIN17,Leg,16.844,980,2547.0,1832.7777777777778,0.0,0.0
840,SKIN17,Forearm,29.913999999999998,980,2598.6428571428573,1823.857142857143,0.0,0.0
802,SKIN17,Bicep,17.034,1030,2363.3333333333335,1894.111111111111,0.0,0.0
815,SKIN17,Neck,30.184000000000005,1030,2361.777777777778,1903.111111111111,0.0,0.0
828,SKIN17,Leg,16.844,1030,2333.6666666666665,1942.4444444444443,0.0,0.0
841,SKIN17,Forearm,29.913999999999998,1030,2395.5,1914.4285714285713,0.0,0.0
803,SKIN17,Bicep,17.034,1080,2311.8888888888887,1939.6666666666667,0.0,0.0
816,SKIN17,Neck,30.184000000000005,1080,2320.1111111111113,1938.7777777777778,0.0,0.0
829,SKIN17,Leg,16.844,1080,2300.1111111111113,1976.6666666666667,0.0,0.0
842,SKIN17,Forearm,29.913999999999998,1080,2329.214285714286,1950.7857142857142,0.0,0.0
804,SKIN17,Bicep,17.034,1100,2303.222222222222,1950.6666666666667,0.0,0.0
817,SKIN17,Neck,30.184000000000005,1100,2326.4444444444443,1951.5555555555557,0.0,0.0
830,SKIN17,Leg,16.844,1100,2320.4444444444443,1973.0,0.0,0.0
843,SKIN17,Forearm,29.913999999999998,1100,2336.6428571428573,1960.0,0.0,0.0
805,SKIN17,Bicep,17.034,1210,2607.0,1764.5555555555557,0.0,0.0
818,SKIN17,Neck,30.184000000000005,1210,2596.1111111111113,1812.7777777777778,0.0,0.0
831,SKIN17,Leg,16.844,1210,2602.222222222222,1828.0,0.0,0.0
844,SKIN17,Forearm,29.913999999999998,1210,2628.3571428571427,1818.9285714285713,0.0,0.0
845,SKIN18,Bicep,20.59,700,4095.0,0.0,0.0003250331616729089,1.0
858,SKIN18,Neck,25.35,700,3515.1111111111113,378.55555555555554,1.2191791510611735e-06,0.1111111111111111
871,SKIN18,Leg,16.57,700,4095.0,0.0,0.0005788662609238451,1.0
884,SKIN18,Forearm,25.036,700,4095.0,0.0,0.0001587371254681648,1.0
846,SKIN18,Bicep,20.59,730,4075.1111111111113,0.0,7.363842072409489e-05,1.0
859,SKIN18,Neck,25.35,730,3343.5555555555557,601.4444444444445,0.0,0.0
872,SKIN18,Leg,16.57,730,4095.0,0.0,0.0002626111891385768,1.0
885,SKIN18,Forearm,25.036,730,4093.0,4.583333333333333,5.906922986891384e-05,1.0
847,SKIN18,Bicep,20.59,760,3535.3333333333335,316.0,0.0,0.0
860,SKIN18,Neck,25.35,760,2983.0,1045.6666666666667,0.0,0.0
873,SKIN18,Leg,16.57,760,3900.3333333333335,223.55555555555554,9.75343320848939e-07,0.1111111111111111
886,SKIN18,Forearm,25.036,760,3702.0833333333335,270.8333333333333,9.143843632958802e-07,0.16666666666666666
848,SKIN18,Bicep,20.59,800,3160.222222222222,864.0,0.0,0.0
861,SKIN18,Neck,25.35,800,2772.8888888888887,1336.5555555555557,0.0,0.0
874,SKIN18,Leg,16.57,800,3405.3333333333335,801.7777777777778,0.0,0.0
887,SKIN18,Forearm,25.036,800,3294.1666666666665,788.0833333333334,0.0,0.0
849,SKIN18,Bicep,20.59,850,2707.3333333333335,1405.888888888889,0.0,0.0
862,SKIN18,Neck,25.35,850,2544.3333333333335,1647.888888888889,0.0,0.0
875,SKIN18,Leg,16.57,850,2861.0,1382.3333333333333,0.0,0.0
888,SKIN18,Forearm,25.036,850,2823.75,1346.6666666666667,0.0,0.0
850,SKIN18,Bicep,20.59,910,2429.6666666666665,1706.0,0.0,0.0
863,SKIN18,Neck,25.35,910,2424.222222222222,1776.0,0.0,0.0
876,SKIN18,Leg,16.57,910,2485.0,1633.888888888889,0.0,0.0
889,SKIN18,Forearm,25.036,910,2617.6666666666665,1642.9166666666667,0.0,0.0
851,SKIN18,Bicep,20.59,930,2543.1111111111113,1725.4444444444443,0.0,0.0
864,SKIN18,Neck,25.35,930,2519.1111111111113,1777.888888888889,0.0,0.0
877,SKIN18,Leg,16.57,930,2569.1111111111113,1704.7777777777778,0.0,0.0
890,SKIN18,Forearm,25.036,930,2586.9166666666665,1676.8333333333333,0.0,0.0
852,SKIN18,Bicep,20.59,950,2424.5555555555557,1852.3333333333333,0.0,0.0
865,SKIN18,Neck,25.35,950,2411.0,1848.6666666666667,0.0,0.0
878,SKIN18,Leg,16.57,950,2525.3333333333335,1737.888888888889,0.0,0.0
891,SKIN18,Forearm,25.036,950,2553.5,1782.4166666666667,0.0,0.0
853,SKIN18,Bicep,20.59,980,2527.777777777778,1830.6666666666667,0.0,0.0
866,SKIN18,Neck,25.35,980,2528.4444444444443,1823.4444444444443,0.0,0.0
879,SKIN18,Leg,16.57,980,2570.5555555555557,1749.4444444444443,0.0,0.0
892,SKIN18,Forearm,25.036,980,2584.9166666666665,1808.5833333333333,0.0,0.0
854,SKIN18,Bicep,20.59,1030,2343.5555555555557,1949.0,0.0,0.0
867,SKIN18,Neck,25.35,1030,2342.777777777778,1929.0,0.0,0.0
880,SKIN18,Leg,16.57,1030,2343.3333333333335,1912.3333333333333,0.0,0.0
893,SKIN18,Forearm,25.036,1030,2414.3333333333335,1892.0,0.0,0.0
855,SKIN18,Bicep,20.59,1080,2284.8888888888887,1970.7777777777778,0.0,0.0
868,SKIN18,Neck,25.35,1080,2297.6666666666665,1960.888888888889,0.0,0.0
881,SKIN18,Leg,16.57,1080,2314.1111111111113,1954.0,0.0,0.0
894,SKIN18,Forearm,25.036,1080,2341.6666666666665,1933.75,0.0,0.0
856,SKIN18,Bicep,20.59,1100,2293.1111111111113,1968.2222222222222,0.0,0.0
869,SKIN18,Neck,25.35,1100,2303.5555555555557,1958.5555555555557,0.0,0.0
882,SKIN18,Leg,16.57,1100,2320.222222222222,1959.111111111111,0.0,0.0
895,SKIN18,Forearm,25.036,1100,2330.5833333333335,1952.75,0.0,0.0
857,SKIN18,Bicep,20.59,1210,2563.8888888888887,1819.0,0.0,0.0
870,SKIN18,Neck,25.35,1210,2560.6666666666665,1833.0,0.0,0.0
883,SKIN18,Leg,16.57,1210,2612.5555555555557,1852.888888888889,0.0,0.0
896,SKIN18,Forearm,25.036,1210,2622.0,1825.75,0.0,0.0
897,SKIN19,Bicep,-31.844,700,4095.0,0.0,0.002186963561173533,1.0
910,SKIN19,Neck,-59.236000000000004,700,4095.0,0.0,0.0025907556960049942,1.0
923,SKIN19,Leg,-51.720000000000006,700,4095.0,0.0,0.0032093671972534326,1.0
936,SKIN19,Forearm,-9.440000000000001,700,4095.0,0.0,0.0021102162336142324,1.0
898,SKIN19,Bicep,-31.844,730,4095.0,0.0,0.002006281210986267,1.0
911,SKIN19,Neck,-59.236000000000004,730,4095.0,0.0,0.002471032303370787,1.0
924,SKIN19,Leg,-51.720000000000006,730,4095.0,0.0,0.002954071083021223,1.0
937,SKIN19,Forearm,-9.440000000000001,730,4095.0,0.0,0.0018232824204119846,1.0
899,SKIN19,Bicep,-31.844,760,4095.0,0.0,0.0015212917446941322,1.0
912,SKIN19,Neck,-59.236000000000004,760,4095.0,0.0,0.0018877769975031214,1.0
925,SKIN19,Leg,-51.720000000000006,760,4095.0,0.0,0.0022976650280898876,1.0
938,SKIN19,Forearm,-9.440000000000001,760,4095.0,0.0,0.0011705948618913858,1.0
900,SKIN19,Bicep,-31.844,800,4095.0,0.0,0.001048250234082397,1.0
913,SKIN19,Neck,-59.236000000000004,800,4095.0,0.0,0.0013813299781523097,1.0
926,SKIN19,Leg,-51.720000000000006,800,4095.0,0.0,0.0018338892790262175,1.0
939,SKIN19,Forearm,-9.440000000000001,800,4095.0,0.0,0.0006179409527153558,1.0
901,SKIN19,Bicep,-31.844,850,3960.3333333333335,0.0,0.0001945809925093633,1.0
914,SKIN19,Neck,-59.236000000000004,850,4095.0,0.0,0.0004147647471910112,1.0
927,SKIN19,Leg,-51.720000000000006,850,4095.0,0.0,0.0008834172128589264,1.0
940,SKIN19,Forearm,-9.440000000000001,850,3952.3333333333335,3.3333333333333335,2.8528792134831455e-05,0.9166666666666666
902,SKIN19,Bicep,-31.844,910,2905.4444444444443,348.1111111111111,0.0,0.0
915,SKIN19,Neck,-59.236000000000004,910,3298.0,185.33333333333334,4.876716604244695e-07,0.2222222222222222
928,SKIN19,Leg,-51.720000000000006,910,3754.6666666666665,10.222222222222221,9.021925717852683e-06,0.6666666666666666
941,SKIN19,Forearm,-9.440000000000001,910,2920.25,738.0833333333334,0.0,0.0
903,SKIN19,Bicep,-31.844,930,2655.4444444444443,578.3333333333334,0.0,0.0
916,SKIN19,Neck,-59.236000000000004,930,2970.0,498.22222222222223,0.0,0.0
929,SKIN19,Leg,-51.720000000000006,930,3330.3333333333335,328.1111111111111,0.0,0.0
942,SKIN19,Forearm,-9.440000000000001,930,2667.6666666666665,990.25,0.0,0.0
904,SKIN19,Bicep,-31.844,950,2731.222222222222,987.8888888888889,0.0,0.0
917,SKIN19,Neck,-59.236000000000004,950,2965.222222222222,951.7777777777778,0.0,0.0
930,SKIN19,Leg,-51.720000000000006,950,3256.222222222222,790.8888888888889,0.0,0.0
943,SKIN19,Forearm,-9.440000000000001,950,2777.0,1318.9166666666667,0.0,0.0
905,SKIN19,Bicep,-31.844,980,2684.6666666666665,1356.5555555555557,0.0,0.0
918,SKIN19,Neck,-59.236000000000004,980,2823.3333333333335,1380.5555555555557,0.0,0.0
931,SKIN19,Leg,-51.720000000000006,980,3057.6666666666665,1263.111111111111,0.0,0.0
944,SKIN19,Forearm,-9.440000000000001,980,2767.4166666666665,1603.25,0.0,0.0
906,SKIN19,Bicep,-31.844,1030,2399.4444444444443,1564.6666666666667,0.0,0.0
919,SKIN19,Neck,-59.236000000000004,1030,2505.4444444444443,1601.6666666666667,0.0,0.0
932,SKIN19,Leg,-51.720000000000006,1030,2628.222222222222,1544.4444444444443,0.0,0.0
945,SKIN19,Forearm,-9.440000000000001,1030,2431.6666666666665,1754.8333333333333,0.0,0.0
907,SKIN19,Bicep,-31.844,1080,2347.3333333333335,1749.5555555555557,0.0,0.0
920,SKIN19,Neck,-59.236000000000004,1080,2397.1111111111113,1770.6666666666667,0.0,0.0
933,SKIN19,Leg,-51.720000000000006,1080,2473.777777777778,1708.5555555555557,0.0,0.0
946,SKIN19,Forearm,-9.440000000000001,1080,2343.5,1856.5833333333333,0.0,0.0
908,SKIN19,Bicep,-31.844,1100,2341.8888888888887,1816.7777777777778,0.0,0.0
921,SKIN19,Neck,-59.236000000000004,1100,2379.5555555555557,1839.2222222222222,0.0,0.0
934,SKIN19,Leg,-51.720000000000006,1100,2448.8888888888887,1788.5555555555557,0.0,0.0
947,SKIN19,Forearm,-9.440000000000001,1100,2347.8333333333335,1903.25,0.0,0.0
909,SKIN19,Bicep,-31.844,1210,2607.222222222222,1727.4444444444443,0.0,0.0
922,SKIN19,Neck,-59.236000000000004,1210,2601.4444444444443,1749.4444444444443,0.0,0.0
935,SKIN19,Leg,-51.720000000000006,1210,2622.3333333333335,1829.7777777777778,0.0,0.0
948,SKIN19,Forearm,-9.440000000000001,1210,2589.8333333333335,1805.25,0.0,0.0
949,SKIN20,Bicep,61.158,700,2417.3333333333335,1789.6666666666667,0.0,0.0
962,SKIN20,Neck,42.494,700,2451.222222222222,1823.3333333333333,0.0,0.0
975,SKIN20,Leg,62.102,700,2526.5555555555557,1744.7777777777778,0.0,0.0
988,SKIN20,Forearm,55.972,700,2707.6666666666665,1553.8333333333333,0.0,0.0
950,SKIN20,Bicep,61.158,730,2436.4444444444443,1803.5555555555557,0.0,0.0
963,SKIN20,Neck,42.494,730,2438.6666666666665,1843.111111111111,0.0,0.0
976,SKIN20,Leg,62.102,730,2488.777777777778,1778.4444444444443,0.0,0.0
989,SKIN20,Forearm,55.972,730,2810.3333333333335,1452.25,0.0,0.0
951,SKIN20,Bicep,61.158,760,2404.1111111111113,1810.4444444444443,0.0,0.0
964,SKIN20,Neck,42.494,760,2388.0,1833.111111111111,0.0,0.0
977,SKIN20,Leg,62.102,760,2416.0,1830.6666666666667,0.0,0.0
990,SKIN20,Forearm,55.972,760,2896.0833333333335,1377.3333333333333,0.0,0.0
952,SKIN20,Bicep,61.158,800,2390.0,1847.3333333333333,0.0,0.0
965,SKIN20,Neck,42.494,800,2376.6666666666665,1838.888888888889,0.0,0.0
978,SKIN20,Leg,62.102,800,2418.222222222222,1881.2222222222222,0.0,0.0
991,SKIN20,Forearm,55.972,800,3022.5,1316.25,0.0,0.0
953,SKIN20,Bicep,61.158,850,2341.222222222222,1860.3333333333333,0.0,0.0
966,SKIN20,Neck,42.494,850,2373.1111111111113,1823.3333333333333,0.0,0.0
979,SKIN20,Leg,62.102,850,2350.222222222222,1922.2222222222222,0.0,0.0
992,SKIN20,Forearm,55.972,850,2986.5,1306.6666666666667,0.0,0.0
954,SKIN20,Bicep,61.158,910,2439.8888888888887,1832.6666666666667,0.0,0.0
967,SKIN20,Neck,42.494,910,2434.0,1834.111111111111,0.0,0.0
980,SKIN20,Leg,62.102,910,2459.1111111111113,1904.5555555555557,0.0,0.0
993,SKIN20,Forearm,55.972,910,2840.9166666666665,1389.8333333333333,0.0,0.0
955,SKIN20,Bicep,61.158,930,2552.0,1765.0,0.0,0.0
968,SKIN20,Neck,42.494,930,2587.1111111111113,1806.888888888889,0.0,0.0
981,SKIN20,Leg,62.102,930,2575.222222222222,1878.6666666666667,0.0,0.0
994,SKIN20,Forearm,55.972,930,2868.0,1417.5833333333333,0.0,0.0
956,SKIN20,Bicep,61.158,950,2352.3333333333335,1845.5555555555557,0.0,0.0
969,SKIN20,Neck,42.494,950,2361.777777777778,1826.888888888889,0.0,0.0
982,SKIN20,Leg,62.102,950,2357.3333333333335,1923.111111111111,0.0,0.0
995,SKIN20,Forearm,55.972,950,2695.1666666666665,1503.6666666666667,0.0,0.0
957,SKIN20,Bicep,61.158,980,2408.0,1866.111111111111,0.0,0.0
970,SKIN20,Neck,42.494,980,2463.5555555555557,1833.7777777777778,0.0,0.0
983,SKIN20,Leg,62.102,980,2482.4444444444443,1862.3333333333333,0.0,0.0
996,SKIN20,Forearm,55.972,980,2656.9166666666665,1611.3333333333333,0.0,0.0
958,SKIN20,Bicep,61.158,1030,2318.8888888888887,1917.888888888889,0.0,0.0
971,SKIN20,Neck,42.494,1030,2323.4444444444443,1915.2222222222222,0.0,0.0
984,SKIN20,Leg,62.102,1030,2353.6666666666665,1976.2222222222222,0.0,0.0
997,SKIN20,Forearm,55.972,1030,2481.25,1713.25,0.0,0.0
959,SKIN20,Bicep,61.158,1080,2318.4444444444443,1959.3333333333333,0.0,0.0
972,SKIN20,Neck,42.494,1080,2312.5555555555557,1964.111111111111,0.0,0.0
985,SKIN20,Leg,62.102,1080,2299.8888888888887,1985.4444444444443,0.0,0.0
998,SKIN20,Forearm,55.972,1080,2397.5833333333335,1822.5833333333333,0.0,0.0
960,SKIN20,Bicep,61.158,1100,2294.5555555555557,1959.888888888889,0.0,0.0
973,SKIN20,Neck,42.494,1100,2329.222222222222,1967.7777777777778,0.0,0.0
986,SKIN20,Leg,62.102,1100,2298.222222222222,1980.2222222222222,0.0,0.0
999,SKIN20,Forearm,55.972,1100,2347.3333333333335,1870.25,0.0,0.0
961,SKIN20,Bicep,61.158,1210,2579.0,1771.4444444444443,0.0,0.0
974,SKIN20,Neck,42.494,1210,2619.222222222222,1816.2222222222222,0.0,0.0
987,SKIN20,Leg,62.102,1210,2620.5555555555557,1814.111111111111,0.0,0.0
1000,SKIN20,Forearm,55.972,1210,2714.5,1781.75,0.0,0.0
1001,SKIN21,Bicep,50.612,700,3092.5555555555557,919.5555555555555,0.0,0.0
1014,SKIN21,Neck,46.186,700,2879.6666666666665,1253.2222222222222,0.0,0.0
1027,SKIN21,Leg,43.275999999999996,700,3118.222222222222,1045.7777777777778,0.0,0.0
1040,SKIN21,Forearm,48.471999999999994,700,3049.0,914.8333333333334,0.0,0.0
1002,SKIN21,Bicep,50.612,730,2950.8888888888887,1116.7777777777778,0.0,0.0
1015,SKIN21,Neck,46.186,730,2798.222222222222,1381.2222222222222,0.0,0.0
1028,SKIN21,Leg,43.275999999999996,730,3004.1111111111113,1195.4444444444443,0.0,0.0
1041,SKIN21,Forearm,48.471999999999994,730,2936.1666666666665,1069.5833333333333,0.0,0.0
1003,SKIN21,Bicep,50.612,760,2728.777777777778,1392.4444444444443,0.0,0.0
1016,SKIN21,Neck,46.186,760,2622.222222222222,1549.3333333333333,0.0,0.0
1029,SKIN21,Leg,43.275999999999996,760,2784.4444444444443,1444.3333333333333,0.0,0.0
1042,SKIN21,Forearm,48.471999999999994,760,2720.4166666666665,1287.8333333333333,0.0,0.0
1004,SKIN21,Bicep,50.612,800,2596.3333333333335,1604.7777777777778,0.0,0.0
1017,SKIN21,Neck,46.186,800,2575.6666666666665,1724.5555555555557,0.0,0.0
1030,SKIN21,Leg,43.275999999999996,800,2629.222222222222,1616.3333333333333,0.0,0.0
1043,SKIN21,Forearm,48.471999999999994,800,2607.25,1497.5833333333333,0.0,0.0
1005,SKIN21,Bicep,50.612,850,2448.777777777778,1771.2222222222222,0.0,0.0
1018,SKIN21,Neck,46.186,850,2457.1111111111113,1815.4444444444443,0.0,0.0
1031,SKIN21,Leg,43.275999999999996,850,2482.0,1810.7777777777778,0.0,0.0
1044,SKIN21,Forearm,48.471999999999994,850,2498.4166666666665,1599.75,0.0,0.0
1006,SKIN21,Bicep,50.612,910,2439.5555555555557,1822.2222222222222,0.0,0.0
1019,SKIN21,Neck,46.186,910,2430.4444444444443,1842.6666666666667,0.0,0.0
1032,SKIN21,Leg,43.275999999999996,910,2451.5555555555557,1865.111111111111,0.0,0.0
1045,SKIN21,Forearm,48.471999999999994,910,2454.75,1681.4166666666667,0.0,0.0
1007,SKIN21,Bicep,50.612,930,2564.8888888888887,1799.7777777777778,0.0,0.0
1020,SKIN21,Neck,46.186,930,2552.3333333333335,1805.2222222222222,0.0,0.0
1033,SKIN21,Leg,43.275999999999996,930,2597.222222222222,1854.888888888889,0.0,0.0
1046,SKIN21,Forearm,48.471999999999994,930,2577.75,1678.8333333333333,0.0,0.0
1008,SKIN21,Bicep,50.612,950,2389.777777777778,1870.5555555555557,0.0,0.0
1021,SKIN21,Neck,46.186,950,2379.4444444444443,1870.111111111111,0.0,0.0
1034,SKIN21,Leg,43.275999999999996,950,2424.4444444444443,1908.0,0.0,0.0
1047,SKIN21,Forearm,48.471999999999994,950,2394.3333333333335,1735.9166666666667,0.0,0.0
1009,SKIN21,Bicep,50.612,980,2450.6666666666665,1841.0,0.0,0.0
1022,SKIN21,Neck,46.186,980,2480.8888888888887,1845.888888888889,0.0,0.0
1035,SKIN21,Leg,43.275999999999996,980,2495.8888888888887,1864.7777777777778,0.0,0.0
1048,SKIN21,Forearm,48.471999999999994,980,2479.8333333333335,1794.0833333333333,0.0,0.0
1010,SKIN21,Bicep,50.612,1030,2332.4444444444443,1947.5555555555557,0.0,0.0
1023,SKIN21,Neck,46.186,1030,2342.0,1935.5555555555557,0.0,0.0
1036,SKIN21,Leg,43.275999999999996,1030,2322.1111111111113,1967.7777777777778,0.0,0.0
1049,SKIN21,Forearm,48.471999999999994,1030,2338.75,1903.25,0.0,0.0
1011,SKIN21,Bicep,50.612,1080,2288.6666666666665,1967.888888888889,0.0,0.0
1024,SKIN21,Neck,46.186,1080,2278.4444444444443,1971.111111111111,0.0,0.0
1037,SKIN21,Leg,43.275999999999996,1080,2298.5555555555557,1985.3333333333333,0.0,0.0
1050,SKIN21,Forearm,48.471999999999994,1080,2283.8333333333335,1951.6666666666667,0.0,0.0
1012,SKIN21,Bicep,50.612,1100,2293.777777777778,1966.7777777777778,0.0,0.0
1025,SKIN21,Neck,46.186,1100,2297.1111111111113,1964.111111111111,0.0,0.0
1038,SKIN21,Leg,43.275999999999996,1100,2308.3333333333335,1981.111111111111,0.0,0.0
1051,SKIN21,Forearm,48.471999999999994,1100,2308.5,1962.3333333333333,0.0,0.0
1013,SKIN21,Bicep,50.612,1210,2597.1111111111113,1790.2222222222222,0.0,0.0
1026,SKIN21,Neck,46.186,1210,2625.1111111111113,1756.4444444444443,0.0,0.0
1039,SKIN21,Leg,43.275999999999996,1210,2658.4444444444443,1802.7777777777778,0.0,0.0
1052,SKIN21,Forearm,48.471999999999994,1210,2633.1666666666665,1744.3333333333333,0.0,0.0
1053,SKIN22,Bicep,12.538,700,4095.0,0.0,0.0009087761392009987,1.0
1066,SKIN22,Neck,-5.35,700,4095.0,0.0,0.0013662121566791509,1.0
1079,SKIN22,Leg,-29.532,700,4095.0,0.0,0.002324243133583021,1.0
1092,SKIN22,Forearm,-13.534,700,4095.0,0.0,0.0011093311095505618,1.0
1054,SKIN22,Bicep,12.538,730,4095.0,0.0,0.0006612827715355803,1.0
1067,SKIN22,Neck,-5.35,730,4095.0,0.0,0.0011548064918851435,1.0
1080,SKIN22,Leg,-29.532,730,4095.0,0.0,0.0020962566323345817,1.0
1093,SKIN22,Forearm,-13.534,730,4095.0,0.0,0.0008739685744382023,1.0
1055,SKIN22,Bicep,12.538,760,4008.4444444444443,0.0,9.509597378277154e-05,1.0
1068,SKIN22,Neck,-5.35,760,4095.0,0.0,0.0005674059769038702,1.0
1081,SKIN22,Leg,-29.532,760,4095.0,0.0,0.0015729849406991262,1.0
1094,SKIN22,Forearm,-13.534,760,4095.0,0.0,0.0004977908473782772,1.0
1056,SKIN22,Bicep,12.538,800,3658.5555555555557,26.77777777777778,1.0484940699126093e-05,0.7777777777777778
1069,SKIN22,Neck,-5.35,800,4056.5555555555557,19.22222222222222,0.00014288779650436956,0.8888888888888888
1082,SKIN22,Leg,-29.532,800,4095.0,0.0,0.0010092365012484394,1.0
1095,SKIN22,Forearm,-13.534,800,4095.0,0.0,0.000230607736423221,1.0
1057,SKIN22,Bicep,12.538,850,3020.222222222222,813.4444444444445,0.0,0.0
1070,SKIN22,Neck,-5.35,850,3550.222222222222,546.0,0.0,0.0
1083,SKIN22,Leg,-29.532,850,4095.0,0.0,6.339731585518103e-05,1.0
1096,SKIN22,Forearm,-13.534,850,3682.25,0.0,2.4139747191011233e-05,1.0
1058,SKIN22,Bicep,12.538,910,2508.4444444444443,1299.4444444444443,0.0,0.0
1071,SKIN22,Neck,-5.35,910,2778.1111111111113,1142.2222222222222,0.0,0.0
1084,SKIN22,Leg,-29.532,910,3209.777777777778,651.8888888888889,0.0,0.0
1097,SKIN22,Forearm,-13.534,910,2744.3333333333335,561.75,0.0,0.0
1059,SKIN22,Bicep,12.538,930,2560.8888888888887,1341.0,0.0,0.0
1072,SKIN22,Neck,-5.35,930,2605.3333333333335,1241.0,0.0,0.0
1085,SKIN22,Leg,-29.532,930,2930.5555555555557,862.3333333333334,0.0,0.0
1098,SKIN22,Forearm,-13.534,930,2665.0,727.5833333333334,0.0,0.0
1060,SKIN22,Bicep,12.538,950,2493.5555555555557,1627.5555555555557,0.0,0.0
1073,SKIN22,Neck,-5.35,950,2712.6666666666665,1537.7777777777778,0.0,0.0
1086,SKIN22,Leg,-29.532,950,2951.0,1234.888888888889,0.0,0.0
1099,SKIN22,Forearm,-13.534,950,2708.5,1109.6666666666667,0.0,0.0
1061,SKIN22,Bicep,12.538,980,2550.777777777778,1763.5555555555557,0.0,0.0
1074,SKIN22,Neck,-5.35,980,2725.4444444444443,1754.111111111111,0.0,0.0
1087,SKIN22,Leg,-29.532,980,2810.0,1593.7777777777778,0.0,0.0
1100,SKIN22,Forearm,-13.534,980,2708.5,1458.9166666666667,0.0,0.0
1062,SKIN22,Bicep,12.538,1030,2341.5555555555557,1844.3333333333333,0.0,0.0
1075,SKIN22,Neck,-5.35,1030,2436.0,1791.2222222222222,0.0,0.0
1088,SKIN22,Leg,-29.532,1030,2511.8888888888887,1714.2222222222222,0.0,0.0
1101,SKIN22,Forearm,-13.534,1030,2397.8333333333335,1614.5,0.0,0.0
1063,SKIN22,Bicep,12.538,1080,2316.0,1916.111111111111,0.0,0.0
1076,SKIN22,Neck,-5.35,1080,2358.3333333333335,1875.0,0.0,0.0
1089,SKIN22,Leg,-29.532,1080,2398.3333333333335,1834.3333333333333,0.0,0.0
1102,SKIN22,Forearm,-13.534,1080,2354.0833333333335,1770.5,0.0,0.0
1064,SKIN22,Bicep,12.538,1100,2321.8888888888887,1933.888888888889,0.0,0.0
1077,SKIN22,Neck,-5.35,1100,2364.222222222222,1905.111111111111,0.0,0.0
1090,SKIN22,Leg,-29.532,1100,2398.4444444444443,1878.0,0.0,0.0
1103,SKIN22,Forearm,-13.534,1100,2348.5833333333335,1812.25,0.0,0.0
1065,SKIN22,Bicep,12.538,1210,2609.5555555555557,1747.111111111111,0.0,0.0
1078,SKIN22,Neck,-5.35,1210,2576.3333333333335,1794.3333333333333,0.0,0.0
1091,SKIN22,Leg,-29.532,1210,2637.4444444444443,1821.3333333333333,0.0,0.0
1104,SKIN22,Forearm,-13.534,1210,2707.6666666666665,1631.5833333333333,0.0,0.0
1105,SKIN23,Bicep,54.60799999999999,700,2547.3333333333335,1615.6666666666667,0.0,0.0
1118,SKIN23,Neck,51.989999999999995,700,2523.4444444444443,1632.3333333333333,0.0,0.0
1131,SKIN23,Leg,61.874,700,2568.8888888888887,1658.6666666666667,0.0,0.0
1144,SKIN23,Forearm,56.336,700,2601.25,1547.3333333333333,0.0,0.0
1106,SKIN23,Bicep,54.60799999999999,730,2531.777777777778,1672.3333333333333,0.0,0.0
1119,SKIN23,Neck,51.989999999999995,730,2490.3333333333335,1715.888888888889,0.0,0.0
1132,SKIN23,Leg,61.874,730,2531.6666666666665,1738.7777777777778,0.0,0.0
1145,SKIN23,Forearm,56.336,730,2570.25,1616.0,0.0,0.0
1107,SKIN23,Bicep,54.60799999999999,760,2469.6666666666665,1761.0,0.0,0.0
1120,SKIN23,Neck,51.989999999999995,760,2446.3333333333335,1775.111111111111,0.0,0.0
1133,SKIN23,Leg,61.874,760,2443.222222222222,1835.888888888889,0.0,0.0
1146,SKIN23,Forearm,56.336,760,2576.0833333333335,1694.75,0.0,0.0
1108,SKIN23,Bicep,54.60799999999999,800,2435.777777777778,1816.5555555555557,0.0,0.0
1121,SKIN23,Neck,51.989999999999995,800,2398.3333333333335,1835.4444444444443,0.0,0.0
1134,SKIN23,Leg,61.874,800,2409.777777777778,1870.888888888889,0.0,0.0
1147,SKIN23,Forearm,56.336,800,2598.9166666666665,1717.8333333333333,0.0,0.0
1109,SKIN23,Bicep,54.60799999999999,850,2412.1111111111113,1836.4444444444443,0.0,0.0
1122,SKIN23,Neck,51.989999999999995,850,2354.777777777778,1860.0,0.0,0.0
1135,SKIN23,Leg,61.874,850,2343.5555555555557,1860.888888888889,0.0,0.0
1148,SKIN23,Forearm,56.336,850,2586.4166666666665,1737.5,0.0,0.0
1110,SKIN23,Bicep,54.60799999999999,910,2441.5555555555557,1853.111111111111,0.0,0.0
1123,SKIN23,Neck,51.989999999999995,910,2438.222222222222,1840.888888888889,0.0,0.0
1136,SKIN23,Leg,61.874,910,2455.1111111111113,1888.0,0.0,0.0
1149,SKIN23,Forearm,56.336,910,2510.25,1767.25,0.0,0.0
1111,SKIN23,Bicep,54.60799999999999,930,2556.4444444444443,1820.3333333333333,0.0,0.0
1124,SKIN23,Neck,51.989999999999995,930,2546.3333333333335,1789.7777777777778,0.0,0.0
1137,SKIN23,Leg,61.874,930,2563.3333333333335,1885.6666666666667,0.0,0.0
1150,SKIN23,Forearm,56.336,930,2561.5,1764.5833333333333,0.0,0.0
1112,SKIN23,Bicep,54.60799999999999,950,2378.777777777778,1868.0,0.0,0.0
1125,SKIN23,Neck,51.989999999999995,950,2369.1111111111113,1836.6666666666667,0.0,0.0
1138,SKIN23,Leg,61.874,950,2387.8888888888887,1878.6666666666667,0.0,0.0
1151,SKIN23,Forearm,56.336,950,2452.8333333333335,1828.75,0.0,0.0
1113,SKIN23,Bicep,54.60799999999999,980,2444.4444444444443,1837.888888888889,0.0,0.0
1126,SKIN23,Neck,51.989999999999995,980,2462.3333333333335,1827.111111111111,0.0,0.0
1139,SKIN23,Leg,61.874,980,2494.3333333333335,1839.888888888889,0.0,0.0
1152,SKIN23,Forearm,56.336,980,2462.5833333333335,1863.75,0.0,0.0
1114,SKIN23,Bicep,54.60799999999999,1030,2318.222222222222,1932.7777777777778,0.0,0.0
1127,SKIN23,Neck,51.989999999999995,1030,2330.8888888888887,1926.111111111111,0.0,0.0
1140,SKIN23,Leg,61.874,1030,2333.4444444444443,1950.5555555555557,0.0,0.0
1153,SKIN23,Forearm,56.336,1030,2357.1666666666665,1901.0,0.0,0.0
1115,SKIN23,Bicep,54.60799999999999,1080,2312.3333333333335,1960.5555555555557,0.0,0.0
1128,SKIN23,Neck,51.989999999999995,1080,2292.0,1960.6666666666667,0.0,0.0
1141,SKIN23,Leg,61.874,1080,2311.222222222222,1975.4444444444443,0.0,0.0
1154,SKIN23,Forearm,56.336,1080,2323.75,1936.1666666666667,0.0,0.0
1116,SKIN23,Bicep,54.60799999999999,1100,2308.5555555555557,1962.0,0.0,0.0
1129,SKIN23,Neck,51.989999999999995,1100,2295.6666666666665,1954.6666666666667,0.0,0.0
1142,SKIN23,Leg,61.874,1100,2301.1111111111113,1966.888888888889,0.0,0.0
1155,SKIN23,Forearm,56.336,1100,2315.1666666666665,1954.75,0.0,0.0
1117,SKIN23,Bicep,54.60799999999999,1210,2590.1111111111113,1785.7777777777778,0.0,0.0
1130,SKIN23,Neck,51.989999999999995,1210,2604.3333333333335,1771.3333333333333,0.0,0.0
1143,SKIN23,Leg,61.874,1210,2621.5555555555557,1824.2222222222222,0.0,0.0
1156,SKIN23,Forearm,56.336,1210,2646.1666666666665,1740.0833333333333,0.0,0.0
1157,SKIN24,Bicep,50.8,700,2754.6,1251.4,0.0,0.0
1170,SKIN24,Neck,45.556,700,2595.1111111111113,1694.0,0.0,0.0
1183,SKIN24,Leg,51.462,700,2656.3333333333335,1492.0,0.0,0.0
1196,SKIN24,Forearm,52.589999999999996,700,2594.8333333333335,1644.25,0.0,0.0
1158,SKIN24,Bicep,50.8,730,2665.3,1396.2,0.0,0.0
1171,SKIN24,Neck,45.556,730,2544.8888888888887,1728.4444444444443,0.0,0.0
1184,SKIN24,Leg,51.462,730,2585.8888888888887,1593.111111111111,0.0,0.0
1197,SKIN24,Forearm,52.589999999999996,730,2566.1666666666665,1699.9166666666667,0.0,0.0
1159,SKIN24,Bicep,50.8,760,2518.3,1575.7,0.0,0.0
1172,SKIN24,Neck,45.556,760,2453.222222222222,1771.4444444444443,0.0,0.0
1185,SKIN24,Leg,51.462,760,2460.777777777778,1698.111111111111,0.0,0.0
1198,SKIN24,Forearm,52.589999999999996,760,2483.1666666666665,1714.0833333333333,0.0,0.0
1160,SKIN24,Bicep,50.8,800,2463.7,1717.4,0.0,0.0
1173,SKIN24,Neck,45.556,800,2402.5555555555557,1800.0,0.0,0.0
1186,SKIN24,Leg,51.462,800,2425.4444444444443,1786.5555555555557,0.0,0.0
1199,SKIN24,Forearm,52.589999999999996,800,2485.25,1733.6666666666667,0.0,0.0
1161,SKIN24,Bicep,50.8,850,2379.1,1777.8,0.0,0.0
1174,SKIN24,Neck,45.556,850,2383.1111111111113,1804.2222222222222,0.0,0.0
1187,SKIN24,Leg,51.462,850,2357.6666666666665,1828.2222222222222,0.0,0.0
1200,SKIN24,Forearm,52.589999999999996,850,2472.75,1743.3333333333333,0.0,0.0
1162,SKIN24,Bicep,50.8,910,2424.0,1812.8,0.0,0.0
1175,SKIN24,Neck,45.556,910,2436.6666666666665,1813.4444444444443,0.0,0.0
1188,SKIN24,Leg,51.462,910,2443.0,1837.888888888889,0.0,0.0
1201,SKIN24,Forearm,52.589999999999996,910,2443.0833333333335,1795.5,0.0,0.0
1163,SKIN24,Bicep,50.8,930,2536.0,1793.6,0.0,0.0
1176,SKIN24,Neck,45.556,930,2543.222222222222,1793.4444444444443,0.0,0.0
1189,SKIN24,Leg,51.462,930,2568.1111111111113,1819.0,0.0,0.0
1202,SKIN24,Forearm,52.589999999999996,930,2573.1666666666665,1794.4166666666667,0.0,0.0
1164,SKIN24,Bicep,50.8,950,2356.5,1851.5,0.0,0.0
1177,SKIN24,Neck,45.556,950,2364.1111111111113,1838.0,0.0,0.0
1190,SKIN24,Leg,51.462,950,2340.777777777778,1838.6666666666667,0.0,0.0
1203,SKIN24,Forearm,52.589999999999996,950,2400.1666666666665,1830.5833333333333,0.0,0.0
1165,SKIN24,Bicep,50.8,980,2424.6,1871.7,0.0,0.0
1178,SKIN24,Neck,45.556,980,2443.222222222222,1843.4444444444443,0.0,0.0
1191,SKIN24,Leg,51.462,980,2459.5555555555557,1842.7777777777778,0.0,0.0
1204,SKIN24,Forearm,52.589999999999996,980,2463.75,1853.25,0.0,0.0
1166,SKIN24,Bicep,50.8,1030,2329.8,1934.5,0.0,0.0
1179,SKIN24,Neck,45.556,1030,2318.4444444444443,1914.5555555555557,0.0,0.0
1192,SKIN24,Leg,51.462,1030,2343.4444444444443,1935.0,0.0,0.0
1205,SKIN24,Forearm,52.589999999999996,1030,2333.1666666666665,1913.6666666666667,0.0,0.0
1167,SKIN24,Bicep,50.8,1080,2288.5,1960.1,0.0,0.0
1180,SKIN24,Neck,45.556,1080,2301.0,1960.6666666666667,0.0,0.0
1193,SKIN24,Leg,51.462,1080,2297.4444444444443,1964.4444444444443,0.0,0.0
1206,SKIN24,Forearm,52.589999999999996,1080,2305.1666666666665,1949.25,0.0,0.0
1168,SKIN24,Bicep,50.8,1100,2302.4,1968.7,0.0,0.0
1181,SKIN24,Neck,45.556,1100,2310.0,1958.888888888889,0.0,0.0
1194,SKIN24,Leg,51.462,1100,2308.4444444444443,1966.4444444444443,0.0,0.0
1207,SKIN24,Forearm,52.589999999999996,1100,2308.0833333333335,1961.0,0.0,0.0
1169,SKIN24,Bicep,50.8,1210,2600.9,1767.6,0.0,0.0
1182,SKIN24,Neck,45.556,1210,2593.5555555555557,1779.3333333333333,0.0,0.0
1195,SKIN24,Leg,51.462,1210,2617.1111111111113,1770.2222222222222,0.0,0.0
1208,SKIN24,Forearm,52.589999999999996,1210,2665.0833333333335,1756.5,0.0,0.0
1209,SKIN25,Bicep,25.374000000000002,700,3989.777777777778,0.0,7.875897315855181e-05,1.0
1222,SKIN25,Neck,6.220000000000001,700,4095.0,0.0,0.0005720388576779026,1.0
1235,SKIN25,Leg,23.5125,700,4095.0,0.0,0.00042061680711610487,1.0
1248,SKIN25,Forearm,17.05,700,4094.5833333333335,0.0,0.0001830597495318352,1.0
1261,SKIN25,Forearm,22.184,700,4094.5833333333335,0.0,0.0001830597495318352,1.0
1210,SKIN25,Bicep,25.374000000000002,730,3794.222222222222,7.222222222222222,1.901919475655431e-05,0.7777777777777778
1223,SKIN25,Neck,6.220000000000001,730,4036.1111111111113,0.0,0.0003299098782771536,1.0
1236,SKIN25,Leg,23.5125,730,4095.0,2.6666666666666665,0.00014044943820224718,1.0
1249,SKIN25,Forearm,17.05,730,4037.6666666666665,0.0,5.541169241573034e-05,1.0
1262,SKIN25,Forearm,22.184,730,4037.6666666666665,0.0,5.541169241573034e-05,1.0
1211,SKIN25,Bicep,25.374000000000002,760,3295.6666666666665,442.1111111111111,0.0,0.0
1224,SKIN25,Neck,6.220000000000001,760,3681.777777777778,0.0,3.779455368289638e-05,1.0
1237,SKIN25,Leg,23.5125,760,3836.6666666666665,291.77777777777777,0.0,0.0
1250,SKIN25,Forearm,17.05,760,3630.4166666666665,298.5833333333333,1.8287687265917604e-07,0.08333333333333333
1263,SKIN25,Forearm,22.184,760,3630.4166666666665,298.5833333333333,1.8287687265917604e-07,0.08333333333333333
1212,SKIN25,Bicep,25.374000000000002,800,2989.6666666666665,936.6666666666666,0.0,0.0
1225,SKIN25,Neck,6.220000000000001,800,3306.5555555555557,321.44444444444446,0.0,0.0
1238,SKIN25,Leg,23.5125,800,3344.5555555555557,684.3333333333334,0.0,0.0
1251,SKIN25,Forearm,17.05,800,3312.8333333333335,752.6666666666666,0.0,0.0
1264,SKIN25,Forearm,22.184,800,3312.8333333333335,752.6666666666666,0.0,0.0
1213,SKIN25,Bicep,25.374000000000002,850,2658.3333333333335,1411.111111111111,0.0,0.0
1226,SKIN25,Neck,6.220000000000001,850,2857.222222222222,1058.6666666666667,0.0,0.0
1239,SKIN25,Leg,23.5125,850,2896.222222222222,1160.2222222222222,0.0,0.0
1252,SKIN25,Forearm,17.05,850,2876.5833333333335,1279.8333333333333,0.0,0.0
1265,SKIN25,Forearm,22.184,850,2876.5833333333335,1279.8333333333333,0.0,0.0
1214,SKIN25,Bicep,25.374000000000002,910,2444.777777777778,1635.7777777777778,0.0,0.0
1227,SKIN25,Neck,6.220000000000001,910,2458.777777777778,1395.6666666666667,0.0,0.0
1240,SKIN25,Leg,23.5125,910,2570.0,1439.4444444444443,0.0,0.0
1253,SKIN25,Forearm,17.05,910,2487.5,1584.0,0.0,0.0
1266,SKIN25,Forearm,22.184,910,2487.5,1584.0,0.0,0.0
1215,SKIN25,Bicep,25.374000000000002,930,2555.0,1641.3333333333333,0.0,0.0
1228,SKIN25,Neck,6.220000000000001,930,2541.5555555555557,1398.2222222222222,0.0,0.0
1241,SKIN25,Leg,23.5125,930,2582.8888888888887,1521.3333333333333,0.0,0.0
1254,SKIN25,Forearm,17.05,930,2574.9166666666665,1615.3333333333333,0.0,0.0
1267,SKIN25,Forearm,22.184,930,2574.9166666666665,1615.3333333333333,0.0,0.0
1216,SKIN25,Bicep,25.374000000000002,950,2426.4444444444443,1758.7777777777778,0.0,0.0
1229,SKIN25,Neck,6.220000000000001,950,2485.5555555555557,1642.5555555555557,0.0,0.0
1242,SKIN25,Leg,23.5125,950,2552.777777777778,1624.0,0.0,0.0
1255,SKIN25,Forearm,17.05,950,2529.0,1808.3333333333333,0.0,0.0
1268,SKIN25,Forearm,22.184,950,2529.0,1808.3333333333333,0.0,0.0
1217,SKIN25,Bicep,25.374000000000002,980,2522.3333333333335,1776.3333333333333,0.0,0.0
1230,SKIN25,Neck,6.220000000000001,980,2510.6666666666665,1771.3333333333333,0.0,0.0
1243,SKIN25,Leg,23.5125,980,2582.8888888888887,1705.888888888889,0.0,0.0
1256,SKIN25,Forearm,17.05,980,2597.3333333333335,1879.0833333333333,0.0,0.0
1269,SKIN25,Forearm,22.184,980,2597.3333333333335,1879.0833333333333,0.0,0.0
1218,SKIN25,Bicep,25.374000000000002,1030,2326.4444444444443,1905.5555555555557,0.0,0.0
1231,SKIN25,Neck,6.220000000000001,1030,2325.4444444444443,1832.5555555555557,0.0,0.0
1244,SKIN25,Leg,23.5125,1030,2355.1111111111113,1811.7777777777778,0.0,0.0
1257,SKIN25,Forearm,17.05,1030,2361.0,1913.0833333333333,0.0,0.0
1270,SKIN25,Forearm,22.184,1030,2361.0,1913.0833333333333,0.0,0.0
1219,SKIN25,Bicep,25.374000000000002,1080,2312.4444444444443,1955.6666666666667,0.0,0.0
1232,SKIN25,Neck,6.220000000000001,1080,2302.3333333333335,1898.111111111111,0.0,0.0
1245,SKIN25,Leg,23.5125,1080,2311.0,1881.7777777777778,0.0,0.0
1258,SKIN25,Forearm,17.05,1080,2334.75,1948.8333333333333,0.0,0.0
1271,SKIN25,Forearm,22.184,1080,2334.75,1948.8333333333333,0.0,0.0
1220,SKIN25,Bicep,25.374000000000002,1100,2310.0,1948.5555555555557,0.0,0.0
1233,SKIN25,Neck,6.220000000000001,1100,2306.4444444444443,1926.888888888889,0.0,0.0
1246,SKIN25,Leg,23.5125,1100,2321.3333333333335,1899.5555555555557,0.0,0.0
1259,SKIN25,Forearm,17.05,1100,2348.4166666666665,1960.5,0.0,0.0
1272,SKIN25,Forearm,22.184,1100,2348.4166666666665,1960.5,0.0,0.0
1221,SKIN25,Bicep,25.374000000000002,1210,2615.5555555555557,1764.111111111111,0.0,0.0
1234,SKIN25,Neck,6.220000000000001,1210,2620.5555555555557,1715.4444444444443,0.0,0.0
1247,SKIN25,Leg,23.5125,1210,2622.5555555555557,1817.0,0.0,0.0
1260,SKIN25,Forearm,17.05,1210,2623.6666666666665,1793.0,0.0,0.0
1273,SKIN25,Forearm,22.184,1210,2623.6666666666665,1793.0,0.0,0.0
1274,SKIN26,Bicep,24.27,700,3902.1111111111113,0.0,0.00010314255617977527,1.0
1287,SKIN26,Neck,-6.95,700,4095.0,0.0,0.001355727215980025,1.0
1300,SKIN26,Leg,7.146000000000001,700,4095.0,0.0,0.001198940777153558,1.0
1313,SKIN26,Forearm,-0.504,700,4095.0,0.0,0.0011872366573033707,1.0
1275,SKIN26,Bicep,24.27,730,3644.3333333333335,31.444444444444443,3.0723314606741575e-05,0.6666666666666666
1288,SKIN26,Neck,-6.95,730,4095.0,0.0,0.0011650475967540574,1.0
1301,SKIN26,Leg,7.146000000000001,730,4095.0,0.0,0.0008992665418227218,1.0
1314,SKIN26,Forearm,-0.504,730,4095.0,0.0,0.0009659556413857676,1.0
1276,SKIN26,Bicep,24.27,760,3192.777777777778,330.0,2.4383583021223475e-07,0.1111111111111111
1289,SKIN26,Neck,-6.95,760,4095.0,0.0,0.0005037648252184769,1.0
1302,SKIN26,Leg,7.146000000000001,760,4095.0,0.0,0.0003391756398252184,1.0
1315,SKIN26,Forearm,-0.504,760,4095.0,0.0,0.0004798689138576778,1.0
1277,SKIN26,Bicep,24.27,800,2908.6666666666665,863.8888888888889,0.0,0.0
1290,SKIN26,Neck,-6.95,800,4077.4444444444443,0.0,9.412063046192259e-05,1.0
1303,SKIN26,Leg,7.146000000000001,800,4043.3333333333335,0.0,1.560549313358302e-05,1.0
1316,SKIN26,Forearm,-0.504,800,3879.5833333333335,0.0,0.0002876653206928839,1.0
1278,SKIN26,Bicep,24.27,850,2598.222222222222,1360.4444444444443,0.0,0.0
1291,SKIN26,Neck,-6.95,850,3470.1111111111113,470.44444444444446,0.0,0.0
1304,SKIN26,Leg,7.146000000000001,850,3266.222222222222,748.8888888888889,0.0,0.0
1317,SKIN26,Forearm,-0.504,850,3351.4166666666665,434.25,0.00011594393726591761,0.25
1279,SKIN26,Bicep,24.27,910,2427.4444444444443,1607.5555555555557,0.0,0.0
1292,SKIN26,Neck,-6.95,910,2826.222222222222,1157.5555555555557,0.0,0.0
1305,SKIN26,Leg,7.146000000000001,910,2633.4444444444443,1392.6666666666667,0.0,0.0
1318,SKIN26,Forearm,-0.504,910,2874.5,969.8333333333334,2.1945224719101123e-05,0.25
1280,SKIN26,Bicep,24.27,930,2545.4444444444443,1615.0,0.0,0.0
1293,SKIN26,Neck,-6.95,930,2704.222222222222,1274.2222222222222,0.0,0.0
1306,SKIN26,Leg,7.146000000000001,930,2573.8888888888887,1504.0,0.0,0.0
1319,SKIN26,Forearm,-0.504,930,2786.25,1063.0833333333333,1.2801381086142321e-05,0.25
1281,SKIN26,Bicep,24.27,950,2391.222222222222,1737.2222222222222,0.0,0.0
1294,SKIN26,Neck,-6.95,950,2719.3333333333335,1462.3333333333333,0.0,0.0
1307,SKIN26,Leg,7.146000000000001,950,2600.5555555555557,1639.3333333333333,0.0,0.0
1320,SKIN26,Forearm,-0.504,950,2758.6666666666665,1230.3333333333333,1.6458918539325845e-06,0.25
1282,SKIN26,Bicep,24.27,980,2437.4444444444443,1792.7777777777778,0.0,0.0
1295,SKIN26,Neck,-6.95,980,2677.6666666666665,1610.111111111111,0.0,0.0
1308,SKIN26,Leg,7.146000000000001,980,2632.0,1760.2222222222222,0.0,0.0
1321,SKIN26,Forearm,-0.504,980,2730.0833333333335,1484.9166666666667,0.0,0.0
1283,SKIN26,Bicep,24.27,1030,2324.0,1890.6666666666667,0.0,0.0
1296,SKIN26,Neck,-6.95,1030,2499.777777777778,1718.6666666666667,0.0,0.0
1309,SKIN26,Leg,7.146000000000001,1030,2402.6666666666665,1871.6666666666667,0.0,0.0
1322,SKIN26,Forearm,-0.504,1030,2500.5,1625.4166666666667,0.0,0.0
1284,SKIN26,Bicep,24.27,1080,2298.4444444444443,1942.888888888889,0.0,0.0
1297,SKIN26,Neck,-6.95,1080,2412.5555555555557,1809.7777777777778,0.0,0.0
1310,SKIN26,Leg,7.146000000000001,1080,2323.777777777778,1924.7777777777778,0.0,0.0
1323,SKIN26,Forearm,-0.504,1080,2434.25,1744.75,0.0,0.0
1285,SKIN26,Bicep,24.27,1100,2288.8888888888887,1947.6666666666667,0.0,0.0
1298,SKIN26,Neck,-6.95,1100,2403.4444444444443,1840.3333333333333,0.0,0.0
1311,SKIN26,Leg,7.146000000000001,1100,2329.222222222222,1940.3333333333333,0.0,0.0
1324,SKIN26,Forearm,-0.504,1100,2381.5833333333335,1813.5833333333333,0.0,0.0
1286,SKIN26,Bicep,24.27,1210,2600.0,1781.3333333333333,0.0,0.0
1299,SKIN26,Neck,-6.95,1210,2589.1111111111113,1813.7777777777778,0.0,0.0
1312,SKIN26,Leg,7.146000000000001,1210,2602.1111111111113,1846.5555555555557,0.0,0.0
1325,SKIN26,Forearm,-0.504,1210,2606.9166666666665,1766.0,0.0,0.0
1326,SKIN29,Bicep,-26.653999999999996,700,4095.0,0.0,0.0017270891853932585,1.0
1339,SKIN29,Neck,-33.977999999999994,700,4095.0,0.0,0.001989212702871411,1.0
1352,SKIN29,Leg,-34.814,700,4095.0,0.0,0.002335947253433208,1.0
1365,SKIN29,Forearm,-18.738,700,4095.0,0.0,0.0017406952247191012,1.0
1327,SKIN29,Bicep,-26.653999999999996,730,4095.0,0.0,0.0016619850187265918,1.0
1340,SKIN29,Neck,-33.977999999999994,730,4095.0,0.0,0.0017673220973782773,1.0
1353,SKIN29,Leg,-34.814,730,4095.0,0.0,0.0022537745786516852,1.0
1366,SKIN29,Forearm,-18.738,730,4095.0,0.0,0.0016022940074906368,1.0
1328,SKIN29,Bicep,-26.653999999999996,760,4095.0,0.0,0.001160170880149813,1.0
1341,SKIN29,Neck,-33.977999999999994,760,4095.0,0.0,0.0011769955524344568,1.0
1354,SKIN29,Leg,-34.814,760,4095.0,0.0,0.001696853542446941,1.0
1367,SKIN29,Forearm,-18.738,760,4095.0,0.0,0.0010403499531835205,1.0
1329,SKIN29,Bicep,-26.653999999999996,800,4095.0,0.0,0.0005995923064918852,1.0
1342,SKIN29,Neck,-33.977999999999994,800,4095.0,0.0,0.0006559183832709112,1.0
1355,SKIN29,Leg,-34.814,800,4095.0,0.0,0.0011748010299625468,1.0
1368,SKIN29,Forearm,-18.738,800,4095.0,0.0,0.0005511177434456928,1.0
1330,SKIN29,Bicep,-26.653999999999996,850,3716.222222222222,59.666666666666664,6.583567415730337e-06,0.4444444444444444
1343,SKIN29,Neck,-33.977999999999994,850,3919.6666666666665,0.0,2.4383583021223466e-05,1.0
1356,SKIN29,Leg,-34.814,850,4095.0,0.0,0.0001777563202247191,1.0
1369,SKIN29,Forearm,-18.738,850,3830.3333333333335,142.8,2.750468164794007e-05,0.5333333333333333
1331,SKIN29,Bicep,-26.653999999999996,910,2822.777777777778,964.6666666666666,0.0,0.0
1344,SKIN29,Neck,-33.977999999999994,910,2949.4444444444443,754.2222222222222,0.0,0.0
1357,SKIN29,Leg,-34.814,910,3433.1111111111113,704.8888888888889,0.0,0.0
1370,SKIN29,Forearm,-18.738,910,2970.8,891.8,0.0,0.0
1332,SKIN29,Bicep,-26.653999999999996,930,2619.0,1112.5555555555557,0.0,0.0
1345,SKIN29,Neck,-33.977999999999994,930,2701.8888888888887,953.0,0.0,0.0
1358,SKIN29,Leg,-34.814,930,3080.0,976.0,0.0,0.0
1371,SKIN29,Forearm,-18.738,930,2731.6666666666665,1095.5333333333333,0.0,0.0
1333,SKIN29,Bicep,-26.653999999999996,950,2671.222222222222,1398.888888888889,0.0,0.0
1346,SKIN29,Neck,-33.977999999999994,950,2761.3333333333335,1279.3333333333333,0.0,0.0
1359,SKIN29,Leg,-34.814,950,3108.5555555555557,1273.6666666666667,0.0,0.0
1372,SKIN29,Forearm,-18.738,950,2819.2,1379.4666666666667,0.0,0.0
1334,SKIN29,Bicep,-26.653999999999996,980,2629.0,1637.6666666666667,0.0,0.0
1347,SKIN29,Neck,-33.977999999999994,980,2702.222222222222,1573.6666666666667,0.0,0.0
1360,SKIN29,Leg,-34.814,980,2971.3333333333335,1611.888888888889,0.0,0.0
1373,SKIN29,Forearm,-18.738,980,2766.4,1660.3333333333333,0.0,0.0
1335,SKIN29,Bicep,-26.653999999999996,1030,2394.4444444444443,1791.4444444444443,0.0,0.0
1348,SKIN29,Neck,-33.977999999999994,1030,2432.1111111111113,1761.5555555555557,0.0,0.0
1361,SKIN29,Leg,-34.814,1030,2583.3333333333335,1773.2222222222222,0.0,0.0
1374,SKIN29,Forearm,-18.738,1030,2455.6666666666665,1766.6,0.0,0.0
1336,SKIN29,Bicep,-26.653999999999996,1080,2335.5555555555557,1888.7777777777778,0.0,0.0
1349,SKIN29,Neck,-33.977999999999994,1080,2348.5555555555557,1863.7777777777778,0.0,0.0
1362,SKIN29,Leg,-34.814,1080,2464.777777777778,1878.0,0.0,0.0
1375,SKIN29,Forearm,-18.738,1080,2374.133333333333,1861.9333333333334,0.0,0.0
1337,SKIN29,Bicep,-26.653999999999996,1100,2321.777777777778,1917.111111111111,0.0,0.0
1350,SKIN29,Neck,-33.977999999999994,1100,2356.6666666666665,1897.4444444444443,0.0,0.0
1363,SKIN29,Leg,-34.814,1100,2426.777777777778,1912.5555555555557,0.0,0.0
1376,SKIN29,Forearm,-18.738,1100,2367.6,1919.2666666666667,0.0,0.0
1338,SKIN29,Bicep,-26.653999999999996,1210,2582.5555555555557,1813.0,0.0,0.0
1351,SKIN29,Neck,-33.977999999999994,1210,2591.5555555555557,1810.7777777777778,0.0,0.0
1364,SKIN29,Leg,-34.814,1210,2596.222222222222,1912.2222222222222,0.0,0.0
1377,SKIN29,Forearm,-18.738,1210,2586.0,1804.6666666666667,0.0,0.0
1378,SKIN31,Bicep,-29.47,700,4095.0,0.0,0.0017853659488139828,1.0
1391,SKIN31,Neck,-53.40599999999999,700,4095.0,0.0,0.0023583801498127336,1.0
1404,SKIN31,Leg,-58.674,700,4095.0,0.0,0.0027343749999999994,1.0
1417,SKIN31,Forearm,-25.389999999999997,700,4095.0,0.0,0.0014685012874531835,1.0
1379,SKIN31,Bicep,-29.47,730,4095.0,0.0,0.0017604946941323348,1.0
1392,SKIN31,Neck,-53.40599999999999,730,4095.0,0.0,0.0022008622034956305,1.0
1405,SKIN31,Leg,-58.674,730,4095.0,0.0,0.0026878023564294636,1.0
1418,SKIN31,Forearm,-25.389999999999997,730,4095.0,0.0,0.0012772120786516854,1.0
1380,SKIN31,Bicep,-29.47,760,4095.0,0.0,0.0012686778245942572,1.0
1393,SKIN31,Neck,-53.40599999999999,760,4095.0,0.0,0.0016949028558052436,1.0
1406,SKIN31,Leg,-58.674,760,4095.0,0.0,0.002094549781523096,1.0
1419,SKIN31,Forearm,-25.389999999999997,760,4095.0,0.0,0.0007293129681647942,1.0
1381,SKIN31,Bicep,-29.47,800,4095.0,0.0,0.0007151704900124844,1.0
1394,SKIN31,Neck,-53.40599999999999,800,4095.0,0.0,0.001129203729712859,1.0
1407,SKIN31,Leg,-58.674,800,4095.0,0.0,0.0015920041354556803,1.0
1420,SKIN31,Forearm,-25.389999999999997,800,4095.0,0.0,0.0003630105922284644,1.0
1382,SKIN31,Bicep,-29.47,850,3800.6666666666665,3.4444444444444446,2.1701388888888886e-05,0.8888888888888888
1395,SKIN31,Neck,-53.40599999999999,850,4095.0,0.0,0.0001982385299625468,1.0
1408,SKIN31,Leg,-58.674,850,4095.0,0.0,0.000679326622971286,1.0
1421,SKIN31,Forearm,-25.389999999999997,850,3891.25,0.0,4.480483380149813e-05,1.0
1383,SKIN31,Bicep,-29.47,910,2824.8888888888887,862.7777777777778,0.0,0.0
1396,SKIN31,Neck,-53.40599999999999,910,3327.222222222222,613.1111111111111,0.0,0.0
1409,SKIN31,Leg,-58.674,910,3605.6666666666665,350.22222222222223,0.0,0.0
1422,SKIN31,Forearm,-25.389999999999997,910,2890.5833333333335,453.8333333333333,1.0972612359550563e-06,0.16666666666666666
1384,SKIN31,Bicep,-29.47,930,2598.6666666666665,1058.888888888889,0.0,0.0
1397,SKIN31,Neck,-53.40599999999999,930,2974.4444444444443,870.5555555555555,0.0,0.0
1410,SKIN31,Leg,-58.674,930,3224.3333333333335,711.2222222222222,0.0,0.0
1423,SKIN31,Forearm,-25.389999999999997,930,2669.3333333333335,650.75,0.0,0.0
1385,SKIN31,Bicep,-29.47,950,2693.4444444444443,1379.5555555555557,0.0,0.0
1398,SKIN31,Neck,-53.40599999999999,950,3044.0,1224.4444444444443,0.0,0.0
1411,SKIN31,Leg,-58.674,950,3199.222222222222,1086.6666666666667,0.0,0.0
1424,SKIN31,Forearm,-25.389999999999997,950,2756.0833333333335,1099.5,0.0,0.0
1386,SKIN31,Bicep,-29.47,980,2643.6666666666665,1654.888888888889,0.0,0.0
1399,SKIN31,Neck,-53.40599999999999,980,2927.1111111111113,1560.888888888889,0.0,0.0
1412,SKIN31,Leg,-58.674,980,3018.0,1499.888888888889,0.0,0.0
1425,SKIN31,Forearm,-25.389999999999997,980,2738.3333333333335,1502.0,0.0,0.0
1387,SKIN31,Bicep,-29.47,1030,2381.6666666666665,1801.4444444444443,0.0,0.0
1400,SKIN31,Neck,-53.40599999999999,1030,2514.5555555555557,1750.5555555555557,0.0,0.0
1413,SKIN31,Leg,-58.674,1030,2591.777777777778,1719.6666666666667,0.0,0.0
1426,SKIN31,Forearm,-25.389999999999997,1030,2394.6666666666665,1684.0833333333333,0.0,0.0
1388,SKIN31,Bicep,-29.47,1080,2325.1111111111113,1901.0,0.0,0.0
1401,SKIN31,Neck,-53.40599999999999,1080,2409.6666666666665,1867.111111111111,0.0,0.0
1414,SKIN31,Leg,-58.674,1080,2440.222222222222,1856.5555555555557,0.0,0.0
1427,SKIN31,Forearm,-25.389999999999997,1080,2329.1666666666665,1834.0,0.0,0.0
1389,SKIN31,Bicep,-29.47,1100,2320.8888888888887,1936.888888888889,0.0,0.0
1402,SKIN31,Neck,-53.40599999999999,1100,2393.222222222222,1910.0,0.0,0.0
1415,SKIN31,Leg,-58.674,1100,2416.5555555555557,1905.7777777777778,0.0,0.0
1428,SKIN31,Forearm,-25.389999999999997,1100,2326.0833333333335,1890.0,0.0,0.0
1390,SKIN31,Bicep,-29.47,1210,2568.0,1840.7777777777778,0.0,0.0
1403,SKIN31,Neck,-53.40599999999999,1210,2559.0,1869.3333333333333,0.0,0.0
1416,SKIN31,Leg,-58.674,1210,2554.1111111111113,1911.0,0.0,0.0
1429,SKIN31,Forearm,-25.389999999999997,1210,2664.1666666666665,1724.8333333333333,0.0,0.0
1430,SKIN32,Bicep,-1.302,700,4095.0,0.0,0.0011248146847690388,1.0
1443,SKIN32,Neck,0.07399999999999998,700,4095.0,0.0,0.0009804638732833957,1.0
1456,SKIN32,Leg,10.658,700,4095.0,0.0,0.0015229985955056181,1.0
1469,SKIN32,Forearm,2.946,700,4095.0,0.0,0.0006607341409176031,1.0
1431,SKIN32,Bicep,-1.302,730,4095.0,0.0,0.0009368172596754057,1.0
1444,SKIN32,Neck,0.07399999999999998,730,4095.0,0.0,0.0008814665262172284,1.0
1457,SKIN32,Leg,10.658,730,4095.0,0.0,0.0013457299469413235,1.0
1470,SKIN32,Forearm,2.946,730,4095.0,0.0,0.0005180901802434456,1.0
1432,SKIN32,Bicep,-1.302,760,4095.0,0.0,0.00028723860799001255,1.0
1445,SKIN32,Neck,0.07399999999999998,760,4095.0,0.0,0.00021993991885143574,1.0
1458,SKIN32,Leg,10.658,760,4095.0,0.0,0.000754184222846442,1.0
1471,SKIN32,Forearm,2.946,760,4073.5833333333335,0.0,0.00018013371956928837,1.0
1433,SKIN32,Bicep,-1.302,800,3939.0,92.11111111111111,1.3654806491885144e-05,0.7777777777777778
1446,SKIN32,Neck,0.07399999999999998,800,3832.222222222222,207.33333333333334,1.4630149812734083e-06,0.1111111111111111
1459,SKIN32,Leg,10.658,800,4093.8888888888887,0.0,0.00019384948501872658,1.0
1472,SKIN32,Forearm,2.946,800,3837.3333333333335,7.75,2.1213717228464416e-05,0.8333333333333334
1434,SKIN32,Bicep,-1.302,850,3216.1111111111113,898.3333333333334,0.0,0.0
1447,SKIN32,Neck,0.07399999999999998,850,3161.777777777778,998.6666666666666,0.0,0.0
1460,SKIN32,Leg,10.658,850,3531.5555555555557,544.2222222222222,0.0,0.0
1473,SKIN32,Forearm,2.946,850,3142.5833333333335,646.4166666666666,0.0,0.0
1435,SKIN32,Bicep,-1.302,910,2597.3333333333335,1454.2222222222222,0.0,0.0
1448,SKIN32,Neck,0.07399999999999998,910,2585.0,1480.2222222222222,0.0,0.0
1461,SKIN32,Leg,10.658,910,2736.3333333333335,1292.0,0.0,0.0
1474,SKIN32,Forearm,2.946,910,2545.3333333333335,1275.5833333333333,0.0,0.0
1436,SKIN32,Bicep,-1.302,930,2526.4444444444443,1570.5555555555557,0.0,0.0
1449,SKIN32,Neck,0.07399999999999998,930,2517.0,1572.7777777777778,0.0,0.0
1462,SKIN32,Leg,10.658,930,2584.3333333333335,1434.2222222222222,0.0,0.0
1475,SKIN32,Forearm,2.946,930,2554.5,1382.75,0.0,0.0
1437,SKIN32,Bicep,-1.302,950,2567.222222222222,1769.7777777777778,0.0,0.0
1450,SKIN32,Neck,0.07399999999999998,950,2573.4444444444443,1754.2222222222222,0.0,0.0
1463,SKIN32,Leg,10.658,950,2676.0,1665.111111111111,0.0,0.0
1476,SKIN32,Forearm,2.946,950,2541.5833333333335,1639.0833333333333,0.0,0.0
1438,SKIN32,Bicep,-1.302,980,2595.5555555555557,1864.111111111111,0.0,0.0
1451,SKIN32,Neck,0.07399999999999998,980,2618.1111111111113,1828.5555555555557,0.0,0.0
1464,SKIN32,Leg,10.658,980,2660.777777777778,1863.3333333333333,0.0,0.0
1477,SKIN32,Forearm,2.946,980,2588.0,1809.1666666666667,0.0,0.0
1439,SKIN32,Bicep,-1.302,1030,2364.6666666666665,1946.7777777777778,0.0,0.0
1452,SKIN32,Neck,0.07399999999999998,1030,2378.4444444444443,1910.0,0.0,0.0
1465,SKIN32,Leg,10.658,1030,2389.1111111111113,1927.888888888889,0.0,0.0
1478,SKIN32,Forearm,2.946,1030,2351.6666666666665,1883.25,0.0,0.0
1440,SKIN32,Bicep,-1.302,1080,2312.5555555555557,1983.7777777777778,0.0,0.0
1453,SKIN32,Neck,0.07399999999999998,1080,2325.777777777778,1964.4444444444443,0.0,0.0
1466,SKIN32,Leg,10.658,1080,2333.222222222222,1966.111111111111,0.0,0.0
1479,SKIN32,Forearm,2.946,1080,2301.5,1947.75,0.0,0.0
1441,SKIN32,Bicep,-1.302,1100,2322.222222222222,1991.5555555555557,0.0,0.0
1454,SKIN32,Neck,0.07399999999999998,1100,2316.6666666666665,1982.6666666666667,0.0,0.0
1467,SKIN32,Leg,10.658,1100,2343.3333333333335,1986.3333333333333,0.0,0.0
1480,SKIN32,Forearm,2.946,1100,2301.5,1970.9166666666667,0.0,0.0
1442,SKIN32,Bicep,-1.302,1210,2559.4444444444443,1879.3333333333333,0.0,0.0
1455,SKIN32,Neck,0.07399999999999998,1210,2533.3333333333335,1876.111111111111,0.0,0.0
1468,SKIN32,Leg,10.658,1210,2524.777777777778,1897.111111111111,0.0,0.0
1481,SKIN32,Forearm,2.946,1210,2586.5,1816.4166666666667,0.0,0.0
1482,SKIN35,Bicep,-39.70666666666667,700,4095.0,0.0,0.0018863139825218477,1.0
1495,SKIN35,Neck,-40.910000000000004,700,4095.0,0.0,0.002120884051186017,1.0
1508,SKIN35,Leg,-51.94333333333333,700,4095.0,0.0,0.002349845895755306,1.0
1521,SKIN35,Forearm,-35.45333333333333,700,4095.0,0.0,0.002000898066119274,1.0
1483,SKIN35,Bicep,-39.70666666666667,730,4095.0,0.0,0.002067240168539326,1.0
1496,SKIN35,Neck,-40.910000000000004,730,4095.0,0.0,0.0024712761392009985,1.0
1509,SKIN35,Leg,-51.94333333333333,730,4095.0,0.0,0.0027543695380774034,1.0
1522,SKIN35,Forearm,-35.45333333333333,730,4095.0,0.0,0.0023417242869490057,1.0
1484,SKIN35,Bicep,-39.70666666666667,760,4095.0,0.0,0.0017531796192259677,1.0
1497,SKIN35,Neck,-40.910000000000004,760,4095.0,0.0,0.002088210049937578,1.0
1510,SKIN35,Leg,-51.94333333333333,760,4095.0,0.0,0.0022623088327091137,1.0
1523,SKIN35,Forearm,-35.45333333333333,760,4095.0,0.0,0.0018913407519446843,1.0
1485,SKIN35,Bicep,-39.70666666666667,800,4095.0,0.0,0.0013345134987515607,1.0
1498,SKIN35,Neck,-40.910000000000004,800,4095.0,0.0,0.0016619850187265918,1.0
1511,SKIN35,Leg,-51.94333333333333,800,4095.0,0.0,0.0018238920099875157,1.0
1524,SKIN35,Forearm,-35.45333333333333,800,4095.0,0.0,0.0013692132130509937,1.0
1486,SKIN35,Bicep,-39.70666666666667,850,4095.0,0.0,0.00046109355493133584,1.0
1499,SKIN35,Neck,-40.910000000000004,850,4095.0,0.0,0.0007941732990012485,1.0
1512,SKIN35,Leg,-51.94333333333333,850,4095.0,0.0,0.0008917076310861424,1.0
1525,SKIN35,Forearm,-35.45333333333333,850,4095.0,0.0,0.00036513477744165937,1.0
1487,SKIN35,Bicep,-39.70666666666667,910,3425.222222222222,267.55555555555554,1.0728776529338325e-05,0.3333333333333333
1500,SKIN35,Neck,-40.910000000000004,910,3824.8888888888887,4.0,5.608224094881399e-06,0.7777777777777778
1513,SKIN35,Leg,-51.94333333333333,910,4066.5555555555557,0.0,2.1457553058676653e-05,1.0
1526,SKIN35,Forearm,-35.45333333333333,910,3488.769230769231,419.0769230769231,0.0,0.0
1488,SKIN35,Bicep,-39.70666666666667,930,3055.222222222222,464.0,7.315074906367041e-07,0.2222222222222222
1501,SKIN35,Neck,-40.910000000000004,930,3323.1111111111113,276.44444444444446,0.0,0.0
1514,SKIN35,Leg,-51.94333333333333,930,3612.3333333333335,192.88888888888889,0.0,0.0
1527,SKIN35,Forearm,-35.45333333333333,930,3080.0,721.2307692307693,0.0,0.0
1489,SKIN35,Bicep,-39.70666666666667,950,3030.777777777778,790.2222222222222,0.0,0.0
1502,SKIN35,Neck,-40.910000000000004,950,3371.3333333333335,755.1111111111111,0.0,0.0
1515,SKIN35,Leg,-51.94333333333333,950,3578.3333333333335,623.6666666666666,0.0,0.0
1528,SKIN35,Forearm,-35.45333333333333,950,3177.6923076923076,1069.076923076923,0.0,0.0
1490,SKIN35,Bicep,-39.70666666666667,980,2876.4444444444443,1255.0,0.0,0.0
1503,SKIN35,Neck,-40.910000000000004,980,3208.6666666666665,1274.5555555555557,0.0,0.0
1516,SKIN35,Leg,-51.94333333333333,980,3328.5555555555557,1202.7777777777778,0.0,0.0
1529,SKIN35,Forearm,-35.45333333333333,980,3107.4615384615386,1479.0,0.0,0.0
1491,SKIN35,Bicep,-39.70666666666667,1030,2522.5555555555557,1570.4444444444443,0.0,0.0
1504,SKIN35,Neck,-40.910000000000004,1030,2644.0,1579.5555555555557,0.0,0.0
1517,SKIN35,Leg,-51.94333333333333,1030,2732.777777777778,1564.0,0.0,0.0
1530,SKIN35,Forearm,-35.45333333333333,1030,2590.0,1698.7692307692307,0.0,0.0
1492,SKIN35,Bicep,-39.70666666666667,1080,2401.222222222222,1764.111111111111,0.0,0.0
1505,SKIN35,Neck,-40.910000000000004,1080,2504.1111111111113,1732.5555555555557,0.0,0.0
1518,SKIN35,Leg,-51.94333333333333,1080,2568.5555555555557,1725.2222222222222,0.0,0.0
1531,SKIN35,Forearm,-35.45333333333333,1080,2466.6153846153848,1812.1538461538462,0.0,0.0
1493,SKIN35,Bicep,-39.70666666666667,1100,2395.777777777778,1817.4444444444443,0.0,0.0
1506,SKIN35,Neck,-40.910000000000004,1100,2495.6666666666665,1802.2222222222222,0.0,0.0
1519,SKIN35,Leg,-51.94333333333333,1100,2523.4444444444443,1819.6666666666667,0.0,0.0
1532,SKIN35,Forearm,-35.45333333333333,1100,2453.6923076923076,1880.923076923077,0.0,0.0
1494,SKIN35,Bicep,-39.70666666666667,1210,2826.4444444444443,1683.5555555555557,0.0,0.0
1507,SKIN35,Neck,-40.910000000000004,1210,2787.4444444444443,1722.888888888889,0.0,0.0
1520,SKIN35,Leg,-51.94333333333333,1210,2874.3333333333335,1793.888888888889,0.0,0.0
1533,SKIN35,Forearm,-35.45333333333333,1210,2843.4615384615386,1763.4615384615386,0.0,0.0
1534,SKIN38,Bicep,-63.59,700,4095.0,0.0,0.0020348100031210986,1.0
1547,SKIN38,Neck,-67.30666666666666,700,4095.0,0.0,0.0021752594413233456,1.0
1560,SKIN38,Leg,-66.89,700,4095.0,0.0,0.002356429463171036,1.0
1573,SKIN38,Forearm,-42.13,700,4095.0,0.0,0.0019481873244382025,1.0
1535,SKIN38,Bicep,-63.59,730,4095.0,0.0,0.002504193976279651,1.0
1548,SKIN38,Neck,-67.30666666666666,730,4095.0,0.0,0.0026590297284644192,1.0
1561,SKIN38,Leg,-66.89,730,4095.0,0.0,0.002785336688514357,1.0
1574,SKIN38,Forearm,-42.13,730,4095.0,0.0,0.002417632256554307,1.0
1536,SKIN38,Bicep,-63.59,760,4095.0,0.0,0.0022440211454431962,1.0
1549,SKIN38,Neck,-67.30666666666666,760,4095.0,0.0,0.002420558286516854,1.0
1562,SKIN38,Leg,-66.89,760,4095.0,0.0,0.0024893199906367044,1.0
1575,SKIN38,Forearm,-42.13,760,4095.0,0.0,0.0019825681764981274,1.0
1537,SKIN38,Bicep,-63.59,800,4095.0,0.0,0.002029933286516854,1.0
1550,SKIN38,Neck,-67.30666666666666,800,4095.0,0.0,0.0020587059144818974,1.0
1563,SKIN38,Leg,-66.89,800,4095.0,0.0,0.0021815991729088637,1.0
1576,SKIN38,Forearm,-42.13,800,4095.0,0.0,0.001525375994850187,1.0
1538,SKIN38,Bicep,-63.59,850,4095.0,0.0,0.0012686778245942572,1.0
1551,SKIN38,Neck,-67.30666666666666,850,4095.0,0.0,0.0012996449750312111,1.0
1564,SKIN38,Leg,-66.89,850,4095.0,0.0,0.001395228620474407,1.0
1577,SKIN38,Forearm,-42.13,850,4095.0,0.0,0.000547533356741573,1.0
1539,SKIN38,Bicep,-63.59,910,4061.5555555555557,0.0,0.0001872659176029963,1.0
1552,SKIN38,Neck,-67.30666666666666,910,4051.8888888888887,0.0,0.0003108906835205992,1.0
1565,SKIN38,Leg,-66.89,910,4095.0,0.0,0.00020994264981273405,1.0
1578,SKIN38,Forearm,-42.13,910,3764.75,316.75,1.8287687265917604e-07,0.08333333333333333
1540,SKIN38,Bicep,-63.59,930,3622.1111111111113,0.0,4.803565855181023e-05,1.0
1553,SKIN38,Neck,-67.30666666666666,930,3749.6666666666665,0.0,0.0001285014825218477,1.0
1566,SKIN38,Leg,-66.89,930,3962.8888888888887,0.0,3.925756866416979e-05,1.0
1579,SKIN38,Forearm,-42.13,930,3324.3333333333335,655.5,0.0,0.0
1541,SKIN38,Bicep,-63.59,950,3486.1111111111113,71.44444444444444,1.2191791510611738e-06,0.3333333333333333
1554,SKIN38,Neck,-67.30666666666666,950,3547.1111111111113,43.44444444444444,2.3895911360799003e-05,0.5555555555555556
1567,SKIN38,Leg,-66.89,950,3809.6666666666665,159.66666666666666,9.75343320848939e-07,0.1111111111111111
1580,SKIN38,Forearm,-42.13,950,3361.9166666666665,1007.3333333333334,0.0,0.0
1542,SKIN38,Bicep,-63.59,980,3153.8888888888887,723.8888888888889,0.0,0.0
1555,SKIN38,Neck,-67.30666666666666,980,3216.6666666666665,573.8888888888889,0.0,0.0
1568,SKIN38,Leg,-66.89,980,3448.8888888888887,852.8888888888889,0.0,0.0
1581,SKIN38,Forearm,-42.13,980,3194.75,1428.0833333333333,0.0,0.0
1543,SKIN38,Bicep,-63.59,1030,2665.1111111111113,1289.888888888889,0.0,0.0
1556,SKIN38,Neck,-67.30666666666666,1030,2711.777777777778,1203.6666666666667,0.0,0.0
1569,SKIN38,Leg,-66.89,1030,2798.1111111111113,1368.0,0.0,0.0
1582,SKIN38,Forearm,-42.13,1030,2647.25,1696.75,0.0,0.0
1544,SKIN38,Bicep,-63.59,1080,2512.1111111111113,1556.4444444444443,0.0,0.0
1557,SKIN38,Neck,-67.30666666666666,1080,2526.8888888888887,1512.4444444444443,0.0,0.0
1570,SKIN38,Leg,-66.89,1080,2594.8888888888887,1597.5555555555557,0.0,0.0
1583,SKIN38,Forearm,-42.13,1080,2488.25,1818.8333333333333,0.0,0.0
1545,SKIN38,Bicep,-63.59,1100,2458.777777777778,1673.4444444444443,0.0,0.0
1558,SKIN38,Neck,-67.30666666666666,1100,2491.3333333333335,1608.111111111111,0.0,0.0
1571,SKIN38,Leg,-66.89,1100,2538.5555555555557,1707.7777777777778,0.0,0.0
1584,SKIN38,Forearm,-42.13,1100,2472.4166666666665,1874.5833333333333,0.0,0.0
1546,SKIN38,Bicep,-63.59,1210,2764.1111111111113,1711.888888888889,0.0,0.0
1559,SKIN38,Neck,-67.30666666666666,1210,2742.4444444444443,1670.7777777777778,0.0,0.0
1572,SKIN38,Leg,-66.89,1210,2764.1111111111113,1794.888888888889,0.0,0.0
1585,SKIN38,Forearm,-42.13,1210,2737.4166666666665,1856.0,0.0,0.0
1586,SKIN39,Bicep,-21.659999999999997,700,4095.0,0.0,0.0017426946785268414,1.0
1599,SKIN39,Neck,-14.976666666666667,700,4095.0,0.0,0.0015193410580524344,1.0
1612,SKIN39,Leg,-46.25333333333333,700,4095.0,0.0,0.00228376638576779,1.0
1625,SKIN39,Forearm,-39.06666666666666,700,4095.0,0.0,0.0018090180243445695,1.0
1587,SKIN39,Bicep,-21.659999999999997,730,4095.0,0.0,0.0018775358926342068,1.0
1600,SKIN39,Neck,-14.976666666666667,730,4095.0,0.0,0.0017124590355805241,1.0
1613,SKIN39,Leg,-46.25333333333333,730,4095.0,0.0,0.002511021379525593,1.0
1626,SKIN39,Forearm,-39.06666666666666,730,4095.0,0.0,0.002109850479868914,1.0
1588,SKIN39,Bicep,-21.659999999999997,760,4095.0,0.0,0.0015161711922596756,1.0
1601,SKIN39,Neck,-14.976666666666667,760,4095.0,0.0,0.001201866807116105,1.0
1614,SKIN39,Leg,-46.25333333333333,760,4095.0,0.0,0.0021438046192259674,1.0
1627,SKIN39,Forearm,-39.06666666666666,760,4095.0,0.0,0.0017459255032771538,1.0
1589,SKIN39,Bicep,-21.659999999999997,800,4095.0,0.0,0.0010360584425717853,1.0
1602,SKIN39,Neck,-14.976666666666667,800,4095.0,0.0,0.0006015429931335829,1.0
1615,SKIN39,Leg,-46.25333333333333,800,4095.0,0.0,0.001752691947565543,1.0
1628,SKIN39,Forearm,-39.06666666666666,800,4095.0,0.0,0.0011618167720037454,1.0
1590,SKIN39,Bicep,-21.659999999999997,850,4095.0,0.0,0.00018555906679151063,1.0
1603,SKIN39,Neck,-14.976666666666667,850,4062.1111111111113,153.33333333333334,2.170138888888889e-05,0.5555555555555556
1616,SKIN39,Leg,-46.25333333333333,850,4095.0,0.0,0.0008217267478152309,1.0
1629,SKIN39,Forearm,-39.06666666666666,850,4095.0,0.0,0.00031765712780898876,1.0
1591,SKIN39,Bicep,-21.659999999999997,910,3223.0,418.55555555555554,0.0,0.0
1604,SKIN39,Neck,-14.976666666666667,910,3111.1111111111113,1067.5555555555557,0.0,0.0
1617,SKIN39,Leg,-46.25333333333333,910,3921.3333333333335,97.0,5.120552434456929e-06,0.5555555555555556
1630,SKIN39,Forearm,-39.06666666666666,910,3415.0833333333335,65.33333333333333,3.291783707865169e-06,0.4166666666666667
1592,SKIN39,Bicep,-21.659999999999997,930,2884.5555555555557,670.8888888888889,0.0,0.0
1605,SKIN39,Neck,-14.976666666666667,930,2817.222222222222,1241.4444444444443,0.0,0.0
1618,SKIN39,Leg,-46.25333333333333,930,3464.0,395.22222222222223,0.0,0.0
1631,SKIN39,Forearm,-39.06666666666666,930,2995.4166666666665,269.0,1.8287687265917604e-07,0.08333333333333333
1593,SKIN39,Bicep,-21.659999999999997,950,2932.0,1028.0,0.0,0.0
1606,SKIN39,Neck,-14.976666666666667,950,2943.777777777778,1522.3333333333333,0.0,0.0
1619,SKIN39,Leg,-46.25333333333333,950,3366.8888888888887,813.5555555555555,0.0,0.0
1632,SKIN39,Forearm,-39.06666666666666,950,3133.0,724.4166666666666,0.0,0.0
1594,SKIN39,Bicep,-21.659999999999997,980,2830.6666666666665,1431.111111111111,0.0,0.0
1607,SKIN39,Neck,-14.976666666666667,980,2917.8888888888887,1804.3333333333333,0.0,0.0
1620,SKIN39,Leg,-46.25333333333333,980,3145.6666666666665,1286.3333333333333,0.0,0.0
1633,SKIN39,Forearm,-39.06666666666666,980,3041.1666666666665,1159.25,0.0,0.0
1595,SKIN39,Bicep,-21.659999999999997,1030,2511.4444444444443,1667.4444444444443,0.0,0.0
1608,SKIN39,Neck,-14.976666666666667,1030,2520.8888888888887,1885.7777777777778,0.0,0.0
1621,SKIN39,Leg,-46.25333333333333,1030,2674.8888888888887,1603.888888888889,0.0,0.0
1634,SKIN39,Forearm,-39.06666666666666,1030,2594.25,1443.3333333333333,0.0,0.0
1596,SKIN39,Bicep,-21.659999999999997,1080,2407.777777777778,1794.888888888889,0.0,0.0
1609,SKIN39,Neck,-14.976666666666667,1080,2413.3333333333335,1934.7777777777778,0.0,0.0
1622,SKIN39,Leg,-46.25333333333333,1080,2521.8888888888887,1733.0,0.0,0.0
1635,SKIN39,Forearm,-39.06666666666666,1080,2470.25,1636.75,0.0,0.0
1597,SKIN39,Bicep,-21.659999999999997,1100,2391.6666666666665,1854.5555555555557,0.0,0.0
1610,SKIN39,Neck,-14.976666666666667,1100,2415.777777777778,1967.5555555555557,0.0,0.0
1623,SKIN39,Leg,-46.25333333333333,1100,2484.6666666666665,1804.4444444444443,0.0,0.0
1636,SKIN39,Forearm,-39.06666666666666,1100,2455.25,1728.8333333333333,0.0,0.0
1598,SKIN39,Bicep,-21.659999999999997,1210,2847.8888888888887,1661.2222222222222,0.0,0.0
1611,SKIN39,Neck,-14.976666666666667,1210,2859.5555555555557,1751.6666666666667,0.0,0.0
1624,SKIN39,Leg,-46.25333333333333,1210,2857.6666666666665,1728.6666666666667,0.0,0.0
1637,SKIN39,Forearm,-39.06666666666666,1210,2883.0833333333335,1503.9166666666667,0.0,0.0
1638,SKIN40,Bicep,-27.86,700,4095.0,0.0,0.0019611715823970037,1.0
1651,SKIN40,Neck,-59.24666666666667,700,4095.0,0.0,0.001993845583645443,1.0
1664,SKIN40,Leg,-50.44333333333333,700,4095.0,0.0,0.0023252184769038697,1.0
1677,SKIN40,Forearm,-42.056666666666665,700,4095.0,0.0,0.0018176132373595507,1.0
1639,SKIN40,Bicep,-27.86,730,4095.0,0.0,0.0021767224563046194,1.0
1652,SKIN40,Neck,-59.24666666666667,730,4095.0,0.0,0.002269867743445693,1.0
1665,SKIN40,Leg,-50.44333333333333,730,4095.0,0.0,0.0026458625936329593,1.0
1678,SKIN40,Forearm,-42.056666666666665,730,4095.0,0.0,0.0020719949672284646,1.0
1640,SKIN40,Bicep,-27.86,760,4095.0,0.0,0.0017575686641697877,1.0
1653,SKIN40,Neck,-59.24666666666667,760,4095.0,0.0,0.001977752418851436,1.0
1666,SKIN40,Leg,-50.44333333333333,760,4095.0,0.0,0.0021998868601747815,1.0
1679,SKIN40,Forearm,-42.056666666666665,760,4095.0,0.0,0.001642051439606742,1.0
1641,SKIN40,Bicep,-27.86,800,4095.0,0.0,0.001271847690387016,1.0
1654,SKIN40,Neck,-59.24666666666667,800,4095.0,0.0,0.001544943820224719,1.0
1667,SKIN40,Leg,-50.44333333333333,800,4095.0,0.0,0.0017663467540574285,1.0
1680,SKIN40,Forearm,-42.056666666666665,800,4095.0,0.0,0.0010502618796816479,1.0
1642,SKIN40,Bicep,-27.86,850,4095.0,0.0,0.0003062578027465668,1.0
1655,SKIN40,Neck,-59.24666666666667,850,4095.0,0.0,0.0005947155898876406,1.0
1668,SKIN40,Leg,-50.44333333333333,850,4095.0,0.0,0.000812460986267166,1.0
1681,SKIN40,Forearm,-42.056666666666665,850,4095.0,0.0,0.00027431530898876406,1.0
1643,SKIN40,Bicep,-27.86,910,3379.0,393.3333333333333,0.0,0.0
1656,SKIN40,Neck,-59.24666666666667,910,3435.6666666666665,4.777777777777778,3.681921036204744e-05,0.8888888888888888
1669,SKIN40,Leg,-50.44333333333333,910,3697.6666666666665,112.0,1.950686641697878e-06,0.4444444444444444
1682,SKIN40,Forearm,-42.056666666666665,910,3443.3333333333335,316.6666666666667,3.657537453183521e-07,0.08333333333333333
1644,SKIN40,Bicep,-27.86,930,2991.777777777778,639.0,0.0,0.0
1657,SKIN40,Neck,-59.24666666666667,930,3082.8888888888887,44.0,8.778089887640449e-06,0.6666666666666666
1670,SKIN40,Leg,-50.44333333333333,930,3248.3333333333335,451.1111111111111,0.0,0.0
1683,SKIN40,Forearm,-42.056666666666665,930,3020.5,552.1666666666666,0.0,0.0
1645,SKIN40,Bicep,-27.86,950,3098.0,1023.8888888888889,0.0,0.0
1658,SKIN40,Neck,-59.24666666666667,950,2991.5555555555557,503.3333333333333,0.0,0.0
1671,SKIN40,Leg,-50.44333333333333,950,3267.1111111111113,861.8888888888889,0.0,0.0
1684,SKIN40,Forearm,-42.056666666666665,950,3165.1666666666665,962.0833333333334,0.0,0.0
1646,SKIN40,Bicep,-27.86,980,3069.8888888888887,1453.5555555555557,0.0,0.0
1659,SKIN40,Neck,-59.24666666666667,980,2819.4444444444443,981.7777777777778,0.0,0.0
1672,SKIN40,Leg,-50.44333333333333,980,3103.8888888888887,1346.0,0.0,0.0
1685,SKIN40,Forearm,-42.056666666666665,980,3112.25,1378.1666666666667,0.0,0.0
1647,SKIN40,Bicep,-27.86,1030,2566.3333333333335,1694.6666666666667,0.0,0.0
1660,SKIN40,Neck,-59.24666666666667,1030,2500.8888888888887,1411.2222222222222,0.0,0.0
1673,SKIN40,Leg,-50.44333333333333,1030,2633.8888888888887,1622.3333333333333,0.0,0.0
1686,SKIN40,Forearm,-42.056666666666665,1030,2615.0,1606.4166666666667,0.0,0.0
1648,SKIN40,Bicep,-27.86,1080,2443.4444444444443,1830.6666666666667,0.0,0.0
1661,SKIN40,Neck,-59.24666666666667,1080,2409.5555555555557,1637.6666666666667,0.0,0.0
1674,SKIN40,Leg,-50.44333333333333,1080,2491.8888888888887,1781.7777777777778,0.0,0.0
1687,SKIN40,Forearm,-42.056666666666665,1080,2474.3333333333335,1757.25,0.0,0.0
1649,SKIN40,Bicep,-27.86,1100,2431.3333333333335,1895.7777777777778,0.0,0.0
1662,SKIN40,Neck,-59.24666666666667,1100,2373.8888888888887,1733.111111111111,0.0,0.0
1675,SKIN40,Leg,-50.44333333333333,1100,2460.6666666666665,1857.3333333333333,0.0,0.0
1688,SKIN40,Forearm,-42.056666666666665,1100,2469.4166666666665,1816.4166666666667,0.0,0.0
1650,SKIN40,Bicep,-27.86,1210,2841.6666666666665,1715.3333333333333,0.0,0.0
1663,SKIN40,Neck,-59.24666666666667,1210,2827.222222222222,1543.2222222222222,0.0,0.0
1676,SKIN40,Leg,-50.44333333333333,1210,2859.1111111111113,1741.4444444444443,0.0,0.0
1689,SKIN40,Forearm,-42.056666666666665,1210,2882.4166666666665,1592.3333333333333,0.0,0.0
1690,SKIN41,Bicep,-29.898000000000003,700,4095.0,0.0,0.0009643707084893882,1.0
1703,SKIN41,Neck,-61.598,700,4095.0,0.0,0.001948004447565543,1.0
1716,SKIN41,Leg,-55.534000000000006,700,4095.0,0.0,0.002068703183520599,1.0
1729,SKIN41,Forearm,-34.974000000000004,700,4095.0,0.0,0.0010425810510299625,1.0
1691,SKIN41,Bicep,-29.898000000000003,730,4095.0,0.0,0.0014003491729088638,1.0
1704,SKIN41,Neck,-61.598,730,4095.0,0.0,0.002587829666042447,1.0
1717,SKIN41,Leg,-55.534000000000006,730,4095.0,0.0,0.002605385845817728,1.0
1730,SKIN41,Forearm,-34.974000000000004,730,4095.0,0.0,0.0016837473665730336,1.0
1692,SKIN41,Bicep,-29.898000000000003,760,4095.0,0.0,0.001025573501872659,1.0
1705,SKIN41,Neck,-61.598,760,4095.0,0.0,0.0022684047284644193,1.0
1718,SKIN41,Leg,-55.534000000000006,760,4095.0,0.0,0.002241095115480649,1.0
1731,SKIN41,Forearm,-34.974000000000004,760,4095.0,0.0,0.0011998551615168536,1.0
1693,SKIN41,Bicep,-29.898000000000003,800,4095.0,0.0,0.0006988334893882647,1.0
1706,SKIN41,Neck,-61.598,800,4095.0,0.0,0.0019431277309612982,1.0
1719,SKIN41,Leg,-55.534000000000006,800,4095.0,0.0,0.001948004447565543,1.0
1732,SKIN41,Forearm,-34.974000000000004,800,4095.0,0.0,0.0008000863178838952,1.0
1694,SKIN41,Bicep,-29.898000000000003,850,3656.1111111111113,0.0,9.655898876404494e-05,1.0
1707,SKIN41,Neck,-61.598,850,4095.0,0.0,0.0011194502965043696,1.0
1720,SKIN41,Leg,-55.534000000000006,850,4095.0,0.0,0.0011433462078651684,1.0
1733,SKIN41,Forearm,-34.974000000000004,850,4095.0,0.0,0.00020098168305243444,1.0
1695,SKIN41,Bicep,-29.898000000000003,910,2834.8888888888887,520.3333333333334,0.0,0.0
1708,SKIN41,Neck,-61.598,910,4005.5555555555557,0.0,0.00015605493133583021,1.0
1721,SKIN41,Leg,-55.534000000000006,910,4038.1111111111113,3.111111111111111,3.950140449438203e-05,0.8888888888888888
1734,SKIN41,Forearm,-34.974000000000004,910,3465.8333333333335,92.91666666666667,2.3408239700374533e-05,0.75
1696,SKIN41,Bicep,-29.898000000000003,930,2601.8888888888887,751.1111111111111,0.0,0.0
1709,SKIN41,Neck,-61.598,930,3600.222222222222,0.0,3.7063046192259674e-05,1.0
1722,SKIN41,Leg,-55.534000000000006,930,3642.4444444444443,189.66666666666666,0.0,0.0
1735,SKIN41,Forearm,-34.974000000000004,930,3000.3333333333335,151.58333333333334,1.389864232209738e-05,0.75
1697,SKIN41,Bicep,-29.898000000000003,950,2616.6666666666665,1067.7777777777778,0.0,0.0
1710,SKIN41,Neck,-61.598,950,3544.1111111111113,83.88888888888889,1.950686641697878e-06,0.4444444444444444
1723,SKIN41,Leg,-55.534000000000006,950,3596.5555555555557,606.4444444444445,0.0,0.0
1736,SKIN41,Forearm,-34.974000000000004,950,3101.3333333333335,332.75,9.143843632958802e-07,0.25
1698,SKIN41,Bicep,-29.898000000000003,980,2576.1111111111113,1399.111111111111,0.0,0.0
1711,SKIN41,Neck,-61.598,980,3234.1111111111113,742.4444444444445,0.0,0.0
1724,SKIN41,Leg,-55.534000000000006,980,3302.4444444444443,1195.2222222222222,0.0,0.0
1737,SKIN41,Forearm,-34.974000000000004,980,3020.75,910.6666666666666,0.0,0.0
1699,SKIN41,Bicep,-29.898000000000003,1030,2361.3333333333335,1680.6666666666667,0.0,0.0
1712,SKIN41,Neck,-61.598,1030,2697.6666666666665,1259.6666666666667,0.0,0.0
1725,SKIN41,Leg,-55.534000000000006,1030,2752.4444444444443,1553.2222222222222,0.0,0.0
1738,SKIN41,Forearm,-34.974000000000004,1030,2554.9166666666665,1357.25,0.0,0.0
1700,SKIN41,Bicep,-29.898000000000003,1080,2308.1111111111113,1821.5555555555557,0.0,0.0
1713,SKIN41,Neck,-61.598,1080,2526.4444444444443,1552.3333333333333,0.0,0.0
1726,SKIN41,Leg,-55.534000000000006,1080,2557.5555555555557,1740.111111111111,0.0,0.0
1739,SKIN41,Forearm,-34.974000000000004,1080,2412.3333333333335,1617.5,0.0,0.0
1701,SKIN41,Bicep,-29.898000000000003,1100,2319.4444444444443,1868.2222222222222,0.0,0.0
1714,SKIN41,Neck,-61.598,1100,2484.1111111111113,1675.3333333333333,0.0,0.0
1727,SKIN41,Leg,-55.534000000000006,1100,2520.222222222222,1815.5555555555557,0.0,0.0
1740,SKIN41,Forearm,-34.974000000000004,1100,2404.8333333333335,1704.4166666666667,0.0,0.0
1702,SKIN41,Bicep,-29.898000000000003,1210,2672.777777777778,1667.2222222222222,0.0,0.0
1715,SKIN41,Neck,-61.598,1210,2696.6666666666665,1732.5555555555557,0.0,0.0
1728,SKIN41,Leg,-55.534000000000006,1210,2689.0,1889.4444444444443,0.0,0.0
1741,SKIN41,Forearm,-34.974000000000004,1210,2861.75,1552.6666666666667,0.0,0.0
1742,SKIN42,Bicep,-13.782,700,4095.0,0.0,0.00039940308988764046,1.0
1755,SKIN42,Neck,-16.991999999999997,700,4095.0,0.0,0.0003986715823970038,1.0
1768,SKIN42,Leg,-19.022,700,4095.0,0.0,0.0008229459269662922,1.0
1781,SKIN42,Forearm,-19.218,700,4095.0,0.0,0.0007746664325842695,1.0
1743,SKIN42,Bicep,-13.782,730,4095.0,0.0,0.0011075023408239702,1.0
1756,SKIN42,Neck,-16.991999999999997,730,4095.0,0.0,0.0009202364232209738,1.0
1769,SKIN42,Leg,-19.022,730,4095.0,0.0,0.0013924245084269663,1.0
1782,SKIN42,Forearm,-19.218,730,4095.0,0.0,0.0011733380149812733,1.0
1744,SKIN42,Bicep,-13.782,760,4095.0,0.0,0.000659819756554307,1.0
1757,SKIN42,Neck,-16.991999999999997,760,4095.0,0.0,0.0005596032303370787,1.0
1770,SKIN42,Leg,-19.022,760,4095.0,0.0,0.0008756144662921348,1.0
1783,SKIN42,Forearm,-19.218,760,4095.0,0.0,0.0007187061095505618,1.0
1745,SKIN42,Bicep,-13.782,800,4095.0,0.0,0.0001938494850187266,1.0
1758,SKIN42,Neck,-16.991999999999997,800,4095.0,0.0,0.00011118913857677903,1.0
1771,SKIN42,Leg,-19.022,800,4095.0,0.0,0.0003950140449438202,1.0
1784,SKIN42,Forearm,-19.218,800,4095.0,0.0,0.00034929482677902626,1.0
1746,SKIN42,Bicep,-13.782,850,3387.3333333333335,96.66666666666667,7.315074906367041e-07,0.3333333333333333
1759,SKIN42,Neck,-16.991999999999997,850,3609.0,445.0,0.0,0.0
1772,SKIN42,Leg,-19.022,850,3850.5,188.5,1.0972612359550563e-06,0.5
1785,SKIN42,Forearm,-19.218,850,3826.6666666666665,101.5,5.120552434456929e-06,0.3333333333333333
1747,SKIN42,Bicep,-13.782,910,2674.6666666666665,959.6666666666666,0.0,0.0
1760,SKIN42,Neck,-16.991999999999997,910,2899.6666666666665,1249.6666666666667,0.0,0.0
1773,SKIN42,Leg,-19.022,910,2860.0,1071.0,0.0,0.0
1786,SKIN42,Forearm,-19.218,910,2915.0,969.8333333333334,0.0,0.0
1748,SKIN42,Bicep,-13.782,930,2502.6666666666665,1159.0,0.0,0.0
1761,SKIN42,Neck,-16.991999999999997,930,2698.0,1388.3333333333333,0.0,0.0
1774,SKIN42,Leg,-19.022,930,2640.5,1223.5,0.0,0.0
1787,SKIN42,Forearm,-19.218,930,2652.8333333333335,1158.8333333333333,0.0,0.0
1749,SKIN42,Bicep,-13.782,950,2567.6666666666665,1336.3333333333333,0.0,0.0
1762,SKIN42,Neck,-16.991999999999997,950,2728.6666666666665,1566.6666666666667,0.0,0.0
1775,SKIN42,Leg,-19.022,950,2762.0,1559.5,0.0,0.0
1788,SKIN42,Forearm,-19.218,950,2787.5,1402.0,0.0,0.0
1750,SKIN42,Bicep,-13.782,980,2603.0,1601.0,0.0,0.0
1763,SKIN42,Neck,-16.991999999999997,980,2781.3333333333335,1698.3333333333333,0.0,0.0
1776,SKIN42,Leg,-19.022,980,2771.0,1773.5,0.0,0.0
1789,SKIN42,Forearm,-19.218,980,2785.6666666666665,1709.3333333333333,0.0,0.0
1751,SKIN42,Bicep,-13.782,1030,2336.0,1801.6666666666667,0.0,0.0
1764,SKIN42,Neck,-16.991999999999997,1030,2446.6666666666665,1859.6666666666667,0.0,0.0
1777,SKIN42,Leg,-19.022,1030,2421.5,1885.0,0.0,0.0
1790,SKIN42,Forearm,-19.218,1030,2449.6666666666665,1834.5,0.0,0.0
1752,SKIN42,Bicep,-13.782,1080,2302.0,1907.6666666666667,0.0,0.0
1765,SKIN42,Neck,-16.991999999999997,1080,2370.0,1924.3333333333333,0.0,0.0
1778,SKIN42,Leg,-19.022,1080,2341.0,1953.0,0.0,0.0
1791,SKIN42,Forearm,-19.218,1080,2366.3333333333335,1911.8333333333333,0.0,0.0
1753,SKIN42,Bicep,-13.782,1100,2366.3333333333335,1915.0,0.0,0.0
1766,SKIN42,Neck,-16.991999999999997,1100,2372.0,1926.0,0.0,0.0
1779,SKIN42,Leg,-19.022,1100,2349.0,1980.5,0.0,0.0
1792,SKIN42,Forearm,-19.218,1100,2367.5,1951.8333333333333,0.0,0.0
1754,SKIN42,Bicep,-13.782,1210,2648.0,1740.6666666666667,0.0,0.0
1767,SKIN42,Neck,-16.991999999999997,1210,2627.6666666666665,1883.6666666666667,0.0,0.0
1780,SKIN42,Leg,-19.022,1210,2622.5,1865.5,0.0,0.0
1793,SKIN42,Forearm,-19.218,1210,2680.6666666666665,1821.8333333333333,0.0,0.0
1794,SKIN43,Bicep,-13.662,700,4095.0,0.0,0.0005466799313358303,1.0
1807,SKIN43,Neck,-24.828,700,4095.0,0.0,0.0004988881086142321,1.0
1820,SKIN43,Leg,-9.065999999999999,700,4095.0,0.0,0.0010280118601747818,1.0
1833,SKIN43,Forearm,-3.536,700,4095.0,0.0,0.0002704748946629213,1.0
1795,SKIN43,Bicep,-13.662,730,4095.0,0.0,0.0007132198033707866,1.0
1808,SKIN43,Neck,-24.828,730,4095.0,0.0,0.0006605512640449439,1.0
1821,SKIN43,Leg,-9.065999999999999,730,4095.0,0.0,0.001287209347690387,1.0
1834,SKIN43,Forearm,-3.536,730,4095.0,0.0,0.0003628277153558053,1.0
1796,SKIN43,Bicep,-13.662,760,4054.3333333333335,0.0,0.00038330992509363296,1.0
1809,SKIN43,Neck,-24.828,760,4095.0,0.0,0.0002579783083645443,1.0
1822,SKIN43,Leg,-9.065999999999999,760,4095.0,0.0,0.0007992938514357054,1.0
1835,SKIN43,Forearm,-3.536,760,4093.25,0.0,0.00013843779260299627,1.0
1797,SKIN43,Bicep,-13.662,800,3761.6666666666665,0.0,0.00010801927278401997,1.0
1810,SKIN43,Neck,-24.828,800,3933.8888888888887,40.888888888888886,5.26685393258427e-05,0.8888888888888888
1823,SKIN43,Leg,-9.065999999999999,800,4095.0,0.0,0.00024017829275905118,1.0
1836,SKIN43,Forearm,-3.536,800,4029.25,20.666666666666668,4.6816479400749066e-05,0.9166666666666666
1798,SKIN43,Bicep,-13.662,850,3173.4444444444443,272.3333333333333,7.315074906367041e-07,0.2222222222222222
1811,SKIN43,Neck,-24.828,850,3322.222222222222,566.7777777777778,0.0,0.0
1824,SKIN43,Leg,-9.065999999999999,850,3571.3333333333335,146.66666666666666,2.9260299625468166e-06,0.4444444444444444
1837,SKIN43,Forearm,-3.536,850,3416.0,194.66666666666666,4.9376755617977525e-06,0.75
1799,SKIN43,Bicep,-13.662,910,2540.5555555555557,1022.7777777777778,0.0,0.0
1812,SKIN43,Neck,-24.828,910,2688.0,1238.2222222222222,0.0,0.0
1825,SKIN43,Leg,-9.065999999999999,910,2793.4444444444443,972.0,0.0,0.0
1838,SKIN43,Forearm,-3.536,910,2594.0833333333335,850.25,0.0,0.0
1800,SKIN43,Bicep,-13.662,930,2583.5555555555557,1102.5555555555557,0.0,0.0
1813,SKIN43,Neck,-24.828,930,2585.1111111111113,1333.4444444444443,0.0,0.0
1826,SKIN43,Leg,-9.065999999999999,930,2614.6666666666665,1113.3333333333333,0.0,0.0
1839,SKIN43,Forearm,-3.536,930,2709.0833333333335,949.1666666666666,0.0,0.0
1801,SKIN43,Bicep,-13.662,950,2484.1111111111113,1363.7777777777778,0.0,0.0
1814,SKIN43,Neck,-24.828,950,2590.3333333333335,1540.4444444444443,0.0,0.0
1827,SKIN43,Leg,-9.065999999999999,950,2709.3333333333335,1394.6666666666667,0.0,0.0
1840,SKIN43,Forearm,-3.536,950,2591.3333333333335,1274.8333333333333,0.0,0.0
1802,SKIN43,Bicep,-13.662,980,2560.0,1615.0,0.0,0.0
1815,SKIN43,Neck,-24.828,980,2577.777777777778,1755.6666666666667,0.0,0.0
1828,SKIN43,Leg,-9.065999999999999,980,2733.8888888888887,1699.6666666666667,0.0,0.0
1841,SKIN43,Forearm,-3.536,980,2732.0,1567.9166666666667,0.0,0.0
1803,SKIN43,Bicep,-13.662,1030,2332.8888888888887,1752.6666666666667,0.0,0.0
1816,SKIN43,Neck,-24.828,1030,2370.1111111111113,1847.111111111111,0.0,0.0
1829,SKIN43,Leg,-9.065999999999999,1030,2427.3333333333335,1793.3333333333333,0.0,0.0
1842,SKIN43,Forearm,-3.536,1030,2384.8333333333335,1706.9166666666667,0.0,0.0
1804,SKIN43,Bicep,-13.662,1080,2312.777777777778,1866.5555555555557,0.0,0.0
1817,SKIN43,Neck,-24.828,1080,2344.777777777778,1934.5555555555557,0.0,0.0
1830,SKIN43,Leg,-9.065999999999999,1080,2360.5555555555557,1888.3333333333333,0.0,0.0
1843,SKIN43,Forearm,-3.536,1080,2336.5,1824.4166666666667,0.0,0.0
1805,SKIN43,Bicep,-13.662,1100,2312.0,1898.888888888889,0.0,0.0
1818,SKIN43,Neck,-24.828,1100,2325.5555555555557,1954.111111111111,0.0,0.0
1831,SKIN43,Leg,-9.065999999999999,1100,2378.6666666666665,1932.3333333333333,0.0,0.0
1844,SKIN43,Forearm,-3.536,1100,2343.1666666666665,1878.5,0.0,0.0
1806,SKIN43,Bicep,-13.662,1210,2771.1111111111113,1651.2222222222222,0.0,0.0
1819,SKIN43,Neck,-24.828,1210,2763.3333333333335,1736.5555555555557,0.0,0.0
1832,SKIN43,Leg,-9.065999999999999,1210,2804.777777777778,1708.7777777777778,0.0,0.0
1845,SKIN43,Forearm,-3.536,1210,2981.4166666666665,1443.8333333333333,0.0,0.0
