,SkinID,ROI ID,680 nm,690 nm,700 nm,710 nm,720 nm,730 nm,740 nm,750 nm,760 nm,770 nm,780 nm,790 nm,800 nm,810 nm,820 nm,830 nm,840 nm,850 nm,860 nm,870 nm,880 nm,890 nm,900 nm,910 nm,920 nm,930 nm,940 nm,950 nm,960 nm,970 nm,980 nm,990 nm,1000 nm,1010 nm,1020 nm,1030 nm,1040 nm,1050 nm,1060 nm,1070 nm,1080 nm,1090 nm,1100 nm
0,SKIN01,0,0.06048662572340277,0.05560907272032409,0.05857368821815406,0.0577289602422461,0.05750740310769323,0.056401534778402346,0.05149034961493982,0.04643853308701279,0.041740841663338024,0.04173410116608478,0.04277481133313751,0.04187702810910279,0.037870724958161336,0.031243613879300604,0.025049048894481712,0.01978358552933395,0.01602596450187571,0.01250207591371704,0.009401124631531175,0.00669851394260811,0.005068741204051117,0.0032148288404332337,0.0016249037529353038,0.0012688331806632153,0.0011926394136470655,0.0015165570654051238,0.0009483502038096405,0.0012023219196135738,0.0010612704042262703,0.0012576100410244334,0.0013424706202888926,,,,,,,,,,,,
1,SKIN01,1,0.016797965567037484,0.015063881564614382,0.015401339337227872,0.01493622505275015,0.014942886973670265,0.014718655721660706,0.013110954952765385,0.01132568994420672,0.009749670242402569,0.009831955298141265,0.01007995771265798,0.00964582560504974,0.008543516378782076,0.007085659228123808,0.005167063236016514,0.004148515793499673,0.0036806714839634443,0.0033313542548742358,0.003321862660059504,0.0031903721791664394,0.003371969027426234,0.0033799481196277402,0.0029644253125162188,0.0018826819437119029,0.0017619092663031142,0.0017283522996189237,0.0015386065555378125,0.0025287237745210607,0.00296277276342352,0.0030804349004816484,0.003020311226268634,,,,,,,,,,,,
2,SKIN01,2,0.04338967562024024,0.03941856365513727,0.04059850481632013,0.03961215263763127,0.039584870138617785,0.03919903315660362,0.0354473496674511,0.03163053501699449,0.027700999619627766,0.027062443497538717,0.027323789405178125,0.026100319416398197,0.02317874654350909,0.018709748031460922,0.014151203973500458,0.010596006227997308,0.008150123725072234,0.005946347090459379,0.004341702459494928,0.003486364682461816,0.003083131210900216,0.002978353423391238,0.002849225677405376,0.00541677440625615,0.005344026393982898,0.005177253935177497,0.005273321716216116,0.0040344888166757836,0.0037571724317132537,0.004001555072924608,0.003738295753501698,,,,,,,,,,,,
3,SKIN01,3,0.07145629315369077,0.06833765478380796,0.07323006012470594,0.07276377441927086,0.07074475272242803,0.06830958171352097,0.06416986852041814,0.062194911000230516,0.059839964908571054,0.061922849415800736,0.06353639840928664,0.06364533843631495,0.06290201377986707,0.05940166387773392,0.05783628054953718,0.05666754651815183,0.05783387938117738,0.05656839419531541,0.0538016114272523,0.04917156569148984,0.04557525261531864,0.03910892490166515,0.030537826210433678,0.022912007968631545,0.01923278171095012,0.01589645962202767,0.021014224482498886,0.02908208791614107,0.028626158890650927,0.0318818904811754,0.030857936923499297,,,,,,,,,,,,
4,SKIN02,0,0.06539011529488589,0.060398268959904106,0.06346269418581545,0.06418839420967254,0.06214390739662423,0.060922208944262944,0.05569166293330725,0.04992675007025349,0.04544336474502852,0.044730137215634826,0.046899583976384655,0.04497377600139356,0.041234462890336325,0.033571675723102636,0.027526835746622798,0.021876463745782622,0.016189776122515008,0.013043191656609375,0.009955531066347351,0.0072330435970297795,0.0051242687041720995,0.0035452033113436868,0.002068910577285519,0.001192111935254106,0.001398785065584852,0.0013244436414322277,0.0013531158362998042,0.0010984571431405692,0.001484635878578489,0.0013712934668524924,0.0013615373287039342,,,,,,,,,,,,
5,SKIN02,1,0.017505579065216336,0.015354566813196083,0.015588068351642753,0.015760883203611145,0.015435008984639854,0.015221886409750727,0.013675937773600965,0.01175371985357068,0.010211831069634223,0.009700265443058529,0.01032837410047119,0.009590712340851789,0.008679622034160051,0.006606137377902769,0.005348615784039928,0.00411993774044103,0.0031654674549082404,0.0031769657475873014,0.0031874352731056815,0.00330345179934715,0.0033525076084558467,0.0031335200924963113,0.002936431002201842,0.0018684330549745749,0.001422104486323728,0.0018919408396227163,0.001682064887108747,0.002384425815721372,0.00279031901837411,0.0030509446238892756,0.0028477359970186453,,,,,,,,,,,,
6,SKIN02,2,0.046441682048199644,0.04163188346174677,0.043438609663196126,0.04363915696379512,0.04252611614787865,0.04189394070125005,0.03817663290555413,0.03351188656641563,0.029755527880096316,0.028805843632567277,0.029688170860145125,0.028096484505087546,0.025064872666261246,0.019696208894729693,0.015713670567219982,0.011881337680369709,0.008215547164832186,0.006476711047980807,0.004650667742908195,0.0034518728037422983,0.0029657896024444077,0.002819517509094353,0.0035068064645942033,0.004791242090175416,0.0051319053816726344,0.004624575800975534,0.004816570599686815,0.004457430403525721,0.004434865516710834,0.004233743217641084,0.0035952814739071037,,,,,,,,,,,,
7,SKIN02,3,0.07588814447562459,0.07245293769423103,0.0790792289253717,0.07970980745684751,0.07598753587579497,0.07311104260922946,0.06899676513046264,0.06635816860032236,0.0642685174503489,0.0658437736806402,0.0690955624170279,0.06814398421260437,0.06754174763595926,0.06365003166495395,0.06286100816344839,0.06257716417081034,0.059441325706084805,0.06132252333708143,0.05831591243757037,0.05289938613074659,0.04857341117312783,0.04325506148011119,0.03452297238205752,0.024791659776206083,0.02047405362114055,0.01764963102401897,0.02358731754153257,0.03045894224009498,0.030498461152950063,0.0343002884746481,0.03145262232400704,,,,,,,,,,,,
8,SKIN03,0,0.06828724645332754,0.06841058372028065,0.0643283613472278,0.060897227953989566,0.06127166254254642,0.059930903277721284,0.05647366953005609,0.049543559151794495,0.04546211914631223,0.04516041176311938,0.046344351385876205,0.04472259391396569,0.041127017793508275,0.033749564050782756,0.027088330428869392,0.021940268522185384,0.017209101646239556,0.013235744229449033,0.010005787725609163,0.00740596325076645,0.005075067770794402,0.003563206908554807,0.0016958035698291403,0.0013209059150519067,0.0014568805251677433,0.0011961377895814414,0.0012861203991585389,0.0013248663563852734,0.0014532408659865667,0.0013268980421420951,0.001614297063229933,,,,,,,,,,,,
9,SKIN03,1,0.018893140571224692,0.018292494215085227,0.01676083438673888,0.015678345460393785,0.015682716243971107,0.01542172639917726,0.014246528800096808,0.012036944442512383,0.010538730624119386,0.010264020336588414,0.010627146303944535,0.00987326936301895,0.008952952146836871,0.007152667266255421,0.005474968291550292,0.004181241969843369,0.0033903106128846117,0.0028923096419927767,0.00288666878013872,0.0028860757287044346,0.0031520709303362723,0.0028970330831438584,0.0025236714365737887,0.0016930397305498714,0.0016860293793035594,0.0014012918066017557,0.0016795338183835762,0.002377381487956191,0.002500102615955906,0.002534442959233708,0.0026368217288941925,,,,,,,,,,,,
10,SKIN03,2,0.050440269718412464,0.049727924881493225,0.045727535370390864,0.043019927448740364,0.04336836020504786,0.04251609013390064,0.04013524587089205,0.03451099738059487,0.0312519622552368,0.030286834394901853,0.030907359266852508,0.028993919017202555,0.026286501641251233,0.020885110067397645,0.01581167898472866,0.012078195420150956,0.009047678599370328,0.006333479079704923,0.004476338372979923,0.003299238756819653,0.0028639599555408774,0.0027177572801767905,0.003677226024066052,0.004628696098820301,0.005635569340988096,0.0040703122038819985,0.004924980179947529,0.004602248992625212,0.00434423167189443,0.0037437227510465753,0.004234759453537233,,,,,,,,,,,,
11,SKIN03,3,0.0824236552549837,0.0856963113612841,0.08239500200449137,0.07879433396209873,0.07708094361901156,0.07425104929298004,0.0721875534418297,0.06795382643666945,0.06704178283531001,0.06907886792482851,0.07155894322959161,0.0702257678784235,0.06998365422520215,0.06644759697937586,0.06338117931708034,0.06344513561170113,0.06260613327092635,0.06049404982694275,0.05825007318939336,0.05355797094151065,0.049020357929673526,0.04407992745270364,0.035162124827147874,0.026055813290195635,0.021837226167245757,0.01804210057316629,0.024645603196752464,0.03200311071333067,0.032564461393969936,0.03391939385032017,0.0340239503801734,,,,,,,,,,,,
12,SKIN04,0,0.07131474950663814,0.06450612661207192,0.0656949574903523,0.06398864348974272,0.06326822491706159,0.06098493634893759,0.05674395798622124,0.050486112348406886,0.045817166393581896,0.046233371167031245,0.04646997123558659,0.0458687311677491,0.04066835434855176,0.034663458526170136,0.028339497296843725,0.02178748624118545,0.016854807902442336,0.012514456312225567,0.010109044833959727,0.007126282712115681,0.004868716107608381,0.003507311209731749,0.0017365973713422006,0.0013038917083884193,0.0012769245959779458,0.0015934495733394944,0.001318376901272721,0.0012837853435285621,0.0011056410412007898,0.0010977897960743068,0.0014468198741985616,,,,,,,,,,,,
13,SKIN04,1,0.0185955163048591,0.015999679566823476,0.01613450564907614,0.015592255565106418,0.015467483272044467,0.014750215237999185,0.013422653920125774,0.011380913947341387,0.009634672612800498,0.009777534421026092,0.009848772172425987,0.00942047771576075,0.008223403928031378,0.006889170191168656,0.005270643555955364,0.0037450788365015596,0.0032686727323219976,0.003119928296939562,0.003298360763206594,0.0033463122479062486,0.003243931426166476,0.0030727498739509507,0.002761660601083353,0.0018083166319470614,0.0016687240986103106,0.001735879451120929,0.0015562576680569215,0.0024234349285386474,0.0028071995095821857,0.0029320105877302747,0.0028189645431936365,,,,,,,,,,,,
14,SKIN04,2,0.05055552279127043,0.044820494670622935,0.04493991897930802,0.043392781243582285,0.04309955772378595,0.04158375178272582,0.038445888478840555,0.03376423735002375,0.030018934485849677,0.02935569525006945,0.029273282270988608,0.028217982396797348,0.02451671960367621,0.02040494349003819,0.01593338717320053,0.011514042900465125,0.008413632996316409,0.0056174379772881726,0.004484954019362953,0.003446511190592059,0.002811622365867001,0.0032003179919324726,0.00379769696477344,0.0051974080265136495,0.005240953312389741,0.004306864428925404,0.005528977436396201,0.004378860903948916,0.004181423027802641,0.0038999584722416458,0.004536197591835335,,,,,,,,,,,,
15,SKIN04,3,0.0833275785141904,0.07844500742148923,0.08193880594618817,0.0801155047917988,0.07706955570484267,0.07348767206895178,0.07029763097375746,0.06729026209072782,0.06575519104541791,0.06801525724351924,0.06930420833155235,0.06960590699448481,0.06658384684126308,0.06556133527001842,0.06487928016590233,0.06268663583172107,0.060954012708492135,0.05886688389163644,0.058757388216944845,0.05371647691677133,0.04830911577958133,0.042803157662613237,0.03416689101146456,0.02561729586720117,0.021567200763919697,0.01790121960310914,0.02467390880857237,0.03171871169623885,0.03228583427900733,0.033466489614488254,0.032541113319478954,,,,,,,,,,,,
16,SKIN05,0,0.06858856087846754,0.06564517774181095,0.06234187679503461,0.060972218475923975,0.06000892905294549,0.0578300086061724,0.05328407341791968,0.04812892916845984,0.04346274639581397,0.04345462815255021,0.04522463914507349,0.04490751101908821,0.0397631206016242,0.0328965185564301,0.02651337919911827,0.02061073746537411,0.016209830575587007,0.012708589445803487,0.009776026809384827,0.007069864882828963,0.0047281335369732365,0.003591016891428329,0.0019763031102747993,0.0010953156565915076,0.001157831530888951,0.0010135429525432982,0.000989849838503236,0.0010798342086560688,0.0013077232645238612,0.0013089132844558168,0.0013070794102544763,,,,,,,,,,,,
17,SKIN05,1,0.01897576087965938,0.017706937128244747,0.016395202855284296,0.01607366887060976,0.015691783137828156,0.015371870533531893,0.013737562040097132,0.011990444261768755,0.010508541382438298,0.010268764680212147,0.010572070373507488,0.010174119098258069,0.009027099214613069,0.007120318694853243,0.005647144520916855,0.004030153772138774,0.0033419467890871413,0.0029568439937331078,0.0029616389557810792,0.00299680347409746,0.0029261849003909685,0.0027758800842506404,0.002736736195686658,0.00202992675795597,0.0013675748826227044,0.001449130457593514,0.0016600566924076885,0.0023291936669294633,0.0024530986695049254,0.002791330077260319,0.002895051768485415,,,,,,,,,,,,
18,SKIN05,2,0.048669341885895785,0.04584713020421132,0.042706393617207204,0.04162506463693155,0.04117525229124726,0.039930881012706296,0.036486296185868565,0.03228881791920871,0.028694795387438445,0.028123680318741445,0.028507447183604772,0.02784113349670061,0.0242034090071806,0.01930612389057109,0.014715114385807053,0.011009136554221598,0.008006198621783114,0.006135777382766479,0.0043930704937623685,0.003536895435756079,0.0029872390197792377,0.003040696930909836,0.0031531401845995397,0.004327696409397898,0.004877588427771793,0.004998348531177065,0.004556227090721549,0.004320004028350504,0.003900009514581111,0.003809144556696329,0.00417744107235281,,,,,,,,,,,,
19,SKIN05,3,0.0804626784527844,0.08009818451145168,0.07771091318639343,0.07692028694909017,0.07390611417335467,0.07006241505386149,0.06623693666043397,0.06394775362269554,0.061956295379487346,0.06438932421748396,0.06711893980166928,0.06826284825884792,0.06546223858584883,0.06254357739793186,0.06049228108426924,0.05934495015336975,0.05869954641217335,0.05795524133958527,0.05614971727115338,0.05251957465390719,0.04772879489997201,0.04127225063893177,0.03315145791229534,0.025497557139331706,0.02073289732442755,0.017652217029676145,0.023801895105436288,0.02990568504518136,0.030075428134665533,0.03198827552231367,0.0320086390490864,,,,,,,,,,,,
20,SKIN06,0,0.06812267600326279,0.05905667033597181,0.06283490461643516,0.060808680630104486,0.06195433573316849,0.05941146346495657,0.05493635313328639,0.04969897521298553,0.04498192920215954,0.045118119299972635,0.04695902319860017,0.04573451775653649,0.04073447149906814,0.03438465315540693,0.02678383697329545,0.02115796339609434,0.016971054532079245,0.01295177479055257,0.01036736043841615,0.007318137007857138,0.0049442597912405005,0.003610563176532026,0.0017079359515921283,0.0011750273380492996,0.001429250004811756,0.0013555736053146772,0.0012996520248208694,0.0013907390945171476,0.0011920715927358665,0.001469531016304039,0.001362554633749255,,,,,,,,,,,,
21,SKIN06,1,0.018760288653752392,0.015841248311821696,0.016595808652802062,0.015610100169511431,0.01622118601250722,0.015503675678500353,0.014150332869713587,0.012138561163863528,0.010667456873529066,0.010502129818033685,0.010870934795254793,0.010512973184855218,0.008968786648154018,0.007543483659730912,0.005376876476088523,0.003965311130885734,0.003533372229477381,0.0030691445200642766,0.0032052210225383152,0.0031116811355449006,0.00311226048845566,0.002990135537012617,0.0028516295818939927,0.001880969804021911,0.0016489090576501878,0.0018372287864176582,0.0017350938291029385,0.0024242834138030107,0.002705207976695579,0.002825170016381613,0.002859716367930879,,,,,,,,,,,,
22,SKIN06,2,0.047832157816367814,0.04087120639914189,0.04277334706663331,0.041087786991924544,0.04217783126523938,0.04078583893014739,0.03766568279340831,0.03328867374859017,0.029484595771335276,0.028934950161666733,0.02961341779478575,0.028383339656796108,0.024690159611903652,0.019878035717469374,0.014956245751268185,0.0112840426885665,0.008299299590892234,0.006044379705136484,0.0044126265833576515,0.0034274805337981594,0.003143320316879379,0.002966526806818121,0.003301381867865186,0.0047809926614135086,0.004824479727606492,0.004516116892739324,0.004614887923176403,0.004137415383934178,0.004409594203572801,0.00407934199806295,0.004422449298113546,,,,,,,,,,,,
23,SKIN06,3,0.07874355207602683,0.07119712154614835,0.07744821058307405,0.07593392443250878,0.07556673011651778,0.07130935863801957,0.0679284519456129,0.06547196996372065,0.06349602210237927,0.06612368231439567,0.06913141453622901,0.0689860232941899,0.0665745401151867,0.06406011149239517,0.061519642972902,0.06059411681470606,0.060341071388664756,0.05856615415591672,0.05751941595456384,0.052504575613497265,0.04639616395850631,0.04147464516105118,0.03371819418328124,0.025472290151085313,0.02032788839367042,0.016992978643129604,0.022690969982164765,0.03114506144788133,0.030892122721058138,0.034964753076664454,0.03320107931375442,,,,,,,,,,,,
24,SKIN07,0,0.06318159673731077,0.06475219699118116,0.06062754564435242,0.05953050727292815,0.05992402144841086,0.05833937392375208,0.052820568769771536,0.047396670860657984,0.04291964962381562,0.04392454739912134,0.04447848649321208,0.04333776030925096,0.038863729992399766,0.032948010612543245,0.026413063934477378,0.020621042845785167,0.016377797259570538,0.012953053095623213,0.009815547152033489,0.007132898817476116,0.005081156794316447,0.0033733756332148673,0.0016458016086955507,0.0011807014422062134,0.00142395685473191,0.0014716521433030202,0.0012623402995440981,0.001256715719801729,0.0013701113473194924,0.0014594827211343868,0.0016690488421689756,,,,,,,,,,,,
25,SKIN07,1,0.01812950937472208,0.01821537450862621,0.01664998483617411,0.016195649782682536,0.01628484253084315,0.015995508278752672,0.014269504679723597,0.012220890801378979,0.010701323005008393,0.010925233413031225,0.010941397437173959,0.010689163070569498,0.009147868071041093,0.0076295382405678226,0.006064694152047787,0.004647265678217253,0.0038187532210154657,0.0033730482076101955,0.003091471938451229,0.002776039788759661,0.0025876788740581145,0.0025786396637810832,0.0023946362183495905,0.001817398480555586,0.0021114527318598056,0.0015389558883965031,0.0016657935171209908,0.002113034861170833,0.0023282272942947366,0.002594385070754895,0.0027496150464684506,,,,,,,,,,,,
26,SKIN07,2,0.0466721008978374,0.04746839231244341,0.04317443816160412,0.04252563767059374,0.04261307065417987,0.04186823802500531,0.03776386116301904,0.033303143739046547,0.029557924775904524,0.02968615654005424,0.0297096145697543,0.028268570655914312,0.02502402338165905,0.02068476598558367,0.0158405089408211,0.01198081389262147,0.009077519280241099,0.007061361419062078,0.005366639682675733,0.004112842745513254,0.0030918128385227597,0.002754051881003903,0.002909466742592279,0.00454375797514214,0.005154980149673909,0.004525882704551883,0.005144608691981796,0.0035617796148337062,0.003999574093542206,0.003345094087065165,0.0034958852429264717,,,,,,,,,,,,
27,SKIN07,3,0.07611763534515463,0.08152596804998476,0.07800587427854613,0.07750474639639514,0.07570663682530203,0.07252201063511295,0.0675356203199718,0.06516671553651986,0.0634887059655878,0.06643938502431426,0.06828353353035871,0.06769364764615349,0.06613443793141535,0.06436492653809718,0.061793309478575593,0.06045603552576617,0.05931030430094738,0.05949753778625382,0.057083669202595506,0.052643654027288295,0.04757822581447484,0.04151935375762364,0.0334981714482583,0.024810992908658323,0.0198518434466273,0.01647013748264821,0.02330430683669767,0.03088134878022444,0.03222853227629927,0.033016585362288596,0.03320834138897416,,,,,,,,,,,,
28,SKIN08,0,0.06645824612210825,0.06428780974342302,0.06786798758067433,0.0638144665140554,0.06364860327961751,0.062146079541686314,0.05693468042740268,0.05121654065451767,0.045473916005240735,0.04613687180309202,0.04808136315422023,0.04594658614916129,0.04226579059341158,0.036054841700557595,0.028032507040532704,0.02288809316712362,0.01826827819402823,0.013806650718313048,0.010509662748570892,0.007849328881741875,0.005669671916488749,0.003758464114956264,0.002218697395553405,0.0011665715282053834,0.0012823694869543002,0.0013045406565649626,0.0011432587306096803,0.001200814013359394,0.0013250174616052557,0.0016445007841484924,0.0013487269994956368,,,,,,,,,,,,
29,SKIN08,1,0.019132332258511766,0.017923177583011287,0.018873383217113383,0.017452171260202546,0.01747966684169534,0.01702507299515225,0.01545634740738506,0.01338541240409872,0.011287851011730316,0.01163171811247152,0.011963732171848486,0.011351995740628368,0.010359984148438198,0.008698059493414427,0.00648972278616158,0.005347788634754034,0.004412707242239111,0.003427828309145787,0.0031011453197027678,0.0029597467489475672,0.0029347213378108795,0.002907552441847558,0.0025997756171570064,0.0018525971934350573,0.0016599148136871584,0.0014848635578293792,0.0017511646848611098,0.0024646034580388877,0.0026893667816573347,0.0029528741979826722,0.002939619424081538,,,,,,,,,,,,
30,SKIN08,2,0.04886681505753428,0.04644906446987786,0.04842843168101571,0.04498053113303668,0.0452436511700674,0.04443944960677999,0.04038826042707869,0.03588456887278617,0.0310773231106678,0.031187852319878896,0.03185518972409115,0.029875809990941412,0.0270082386574173,0.022709758191826104,0.016729117007646753,0.013136011183544509,0.010215353939098025,0.00697056392361776,0.005518542139117205,0.003874183818158178,0.0031880563035638766,0.0029224821065218782,0.003369767775203777,0.004738429488448203,0.0046700727635681045,0.004675652280844699,0.004919717959723397,0.004119274611614488,0.003761149322537284,0.00438162140044969,0.0039544081459032,,,,,,,,,,,,
31,SKIN08,3,0.07930419384431159,0.07911584847283057,0.08561965329334333,0.08139195786211179,0.07941629330464656,0.07621568332853243,0.07175956051776215,0.06937147465659874,0.06594728024645144,0.0693030632123455,0.07232815152187531,0.07020740847590651,0.0701995881323714,0.06906028407596562,0.06433035545700228,0.06476014546901064,0.06408254835021945,0.061165384558479155,0.06016826720310024,0.054320950539096115,0.050745627985814064,0.04327660420563133,0.0352629763588285,0.026339296774064047,0.02137163507312897,0.018014898393309428,0.02451303945237616,0.03151766520334716,0.03294129499771201,0.034676153567800454,0.03431926055654283,,,,,,,,,,,,
32,SKIN09,0,0.06750622917611497,0.0638247568009439,0.05973528827307551,0.06256011350247478,0.06280461719588228,0.06085843921695316,0.05516027932773816,0.05011417670599457,0.044478972203621694,0.04560060691635165,0.04628689063352634,0.04553450358053525,0.040239434119123715,0.03410442163651816,0.026720458660622462,0.021189657848381303,0.01635420426251632,0.012909142530289127,0.009452390607656827,0.0067642433005084485,0.004736631437039644,0.0031649651771010205,0.0016817238966547873,0.0010745234102674495,0.0011976687624101114,0.0012995471773954719,0.0011748216318336977,0.0013064638329426453,0.0013151993358303082,0.0013909239539694241,0.0013902999384550257,,,,,,,,,,,,
33,SKIN09,1,0.018670387063223725,0.01708961063015608,0.015638388249666894,0.01619804712088785,0.016309062327421308,0.015833882595870017,0.014240746295363486,0.012391117638829361,0.010503022961173692,0.010830126513401097,0.010844156913016384,0.010501207914361484,0.008922578588638838,0.0072106869369514,0.00538329559617331,0.004441138794289312,0.0034398084129993317,0.0031360794591101544,0.0029590743827201914,0.0029967587293805442,0.002862470452135474,0.0028288576633005605,0.0026902638655228114,0.0020779045942174823,0.0016306556807224428,0.0017134524360685457,0.0017027117780881315,0.002255897744441712,0.002549151442921881,0.002789601831006182,0.002739986618501571,,,,,,,,,,,,
34,SKIN09,2,0.048447073111339244,0.04482759330123432,0.041491398552237324,0.04330367342785681,0.043280238410560855,0.04230380980609954,0.0380157751421509,0.034052336267360185,0.02967693203578558,0.030024262983827085,0.02971191093833531,0.028939039532997632,0.025076326602759016,0.020546315298754867,0.015492804271294064,0.011759135280054346,0.008834833137583266,0.006782148074549005,0.004595963892264369,0.0034385848568579563,0.0030135125560025026,0.0028724434852682554,0.0033934095292516542,0.004238330641891928,0.0046262288151497554,0.004769351919886472,0.004707359976944827,0.004294347795247267,0.004187200552585441,0.004314316145094659,0.004191529184810372,,,,,,,,,,,,
35,SKIN09,3,0.07767134869139836,0.07629976667016639,0.07361572629256599,0.0772390789880869,0.0760430029693088,0.07195963290456649,0.06717170872534023,0.06492621937179298,0.06276518263596298,0.06645507596447765,0.06806342031440374,0.06808974008797698,0.06565404126010238,0.06395642369082676,0.06100800270335966,0.05998844476654116,0.05937857199530604,0.05938039448904143,0.05652043397811237,0.051767173701818894,0.047642470321326895,0.04168800295034545,0.033974686588735196,0.02517179981740614,0.0205045116104435,0.0170340460841455,0.02373699900523597,0.030503427385550667,0.030496251808505414,0.032350325692798415,0.032657763608255626,,,,,,,,,,,,
36,SKIN10,0,0.06360448855175406,0.059927000335534206,0.05670001169196386,0.05918022823632926,0.058254849736319454,0.057803636491641615,0.052385286644443606,0.04705891304512171,0.04366273282152696,0.043393941329750385,0.043987614915087174,0.042782279542134205,0.03827892472745119,0.03284405090340498,0.026232271070452104,0.020688460178757136,0.016318970843053282,0.012063698250686884,0.009684675123984124,0.006877669823854107,0.004714359447771066,0.0033138000545052944,0.0017229415829790537,0.001000806170911681,0.0012222367441429038,0.001496048467883073,0.0012371439796461227,0.0012122823681681078,0.0011743926051094478,0.0014743200592613026,0.0013407158230915705,,,,,,,,,,,,
37,SKIN10,1,0.017740646627623934,0.016451942724975917,0.015105967973872472,0.015676141964004638,0.015511459027896368,0.01561341800380283,0.013504245264356564,0.011855712044064921,0.01051160865828087,0.010383695478064964,0.01068348160465454,0.01022245484965907,0.009063600425188776,0.007454414910487105,0.005639730566141194,0.004411129720377707,0.0036073136521004236,0.0030357433300114327,0.0029569501311074646,0.0028803124304298835,0.002913412619716767,0.0027885194047136234,0.0027808344323887015,0.00215253746782403,0.0015817385166675137,0.0016374751550191583,0.0016873906015640436,0.002562815716184707,0.002633777314449956,0.0027953843610186158,0.002947714643561104,,,,,,,,,,,,
38,SKIN10,2,0.04591651401265366,0.04272304728773403,0.03974839338029675,0.041183868350165125,0.040638868119417346,0.04068535736808961,0.036639304787383954,0.03242021730007969,0.02940770657950132,0.028889396517353134,0.028737881342671447,0.027744751443624455,0.024331106331568153,0.020364237678073716,0.015991877540892954,0.01201134616499569,0.00942637638287152,0.007016013426172209,0.005518475761268704,0.004066756308189768,0.0030543840670686335,0.002539640313531741,0.0029114118416380523,0.003613504551602084,0.0046223390678219465,0.004988751165993929,0.004576742789429432,0.003675908393852856,0.003527799813818293,0.003720905772395137,0.003662674165702596,,,,,,,,,,,,
39,SKIN10,3,0.07286438713924144,0.07129172776681773,0.06953838127419225,0.07282251899505536,0.07022341799699021,0.06830835898876296,0.0636988030725964,0.06129980539576371,0.060863258044739854,0.06253045297256363,0.0638597562157143,0.06332595751609335,0.061840372412922964,0.06108588190645329,0.059521015019342455,0.05774338981611372,0.05731433965897737,0.05487500776895413,0.05483830383214648,0.049418532649929015,0.04482070677756545,0.038202328563988815,0.03190917595014767,0.02395040924643683,0.019994669043206972,0.016512911291689438,0.02219125707209676,0.028283973397717495,0.02910060377511438,0.03087142387719509,0.02993659327746737,,,,,,,,,,,,
40,SKIN11,0,0.07092300924069887,0.055927670492425044,0.06273952691910872,0.06037745982317856,0.06136866481450446,0.06007448457758533,0.05440228942283515,0.049322147810195276,0.04435856938733845,0.043514099746464995,0.045774044172735416,0.045141225836296546,0.0403553833620038,0.033608096056328786,0.026903977658918634,0.02088681410801999,0.016196389590529173,0.01270440852634318,0.009195939449969522,0.0067052936800172085,0.004859352147642415,0.0032413164041322474,0.0015865144046518969,0.001201537093144324,0.0014467671617138193,0.0016901180054491492,0.0009597373788555232,0.0011324372659035616,0.0011934659437927131,0.0012939815899661166,0.0016263705491355558,,,,,,,,,,,,
41,SKIN11,1,0.018272476017679784,0.013861847157338571,0.015473019597807364,0.014577642001878242,0.014970942448094405,0.014555057987703464,0.012867717833233712,0.011249576259233597,0.009678599785063084,0.009297630343215851,0.009785035140838519,0.009651145783777364,0.008323374882584635,0.006805059826613466,0.005442781478089809,0.0041356982775218164,0.003402753578225874,0.0030275054068795684,0.003025820770839763,0.002843601695260741,0.003067857211357066,0.002983941358458641,0.0028248774235651907,0.0017387068597016111,0.0019072845636990553,0.0016871933404308864,0.0018738491244060876,0.0024804417301076964,0.0022949846559692797,0.002999862803628621,0.0026161375663528714,,,,,,,,,,,,
42,SKIN11,2,0.05031767276981362,0.038708904247082614,0.0429454292878555,0.040971884620370616,0.041796071128884976,0.041255252726890256,0.036963165237616204,0.03309330676271187,0.029184144692211735,0.028250544550747516,0.029153808283803585,0.02832583156697463,0.024821268449313084,0.02024663690215762,0.015815179951419372,0.012085248510987225,0.00902384279934314,0.006741272740816769,0.005087293122823483,0.0033311453417786806,0.0029641376976056832,0.002827714744961187,0.0032817363070413745,0.005502978198969142,0.00609419172551753,0.005243942645131718,0.004684620973072086,0.0038531489282862775,0.0038558626638529473,0.004200021767836885,0.003946561619373518,,,,,,,,,,,,
43,SKIN11,3,0.0791303970764175,0.06507403310292519,0.07510337361410412,0.07297877192027759,0.07222606369940297,0.06992208153542741,0.0646647295826402,0.06320108120136372,0.06113163717042078,0.06233898711552568,0.06569267047127415,0.06619760788048272,0.06455153479292663,0.06157438470611424,0.06001987320937889,0.05903402736191353,0.058145205572788114,0.057180745796909904,0.054623188864834506,0.04846642293160458,0.045447857833590476,0.041041659198789555,0.03345925350894413,0.024010715506920067,0.019621256798617405,0.016156844453461227,0.022917268758226222,0.03011832984798467,0.029574429790405986,0.032808935033794895,0.03004613618129338,,,,,,,,,,,,
44,SKIN12,0,0.06617234230291229,0.06062017041186221,0.06277193418381409,0.06083213318314555,0.060571692618780267,0.05927259073918781,0.05471619112289825,0.050113275382143094,0.04477485178626333,0.04390527364288857,0.04552879245256477,0.04383827449986319,0.04027870333041575,0.0333187673291384,0.02649892643547053,0.02050571407904072,0.015890342228471684,0.012582641419052305,0.009257316227250826,0.00682626589210322,0.004602510279843275,0.002708756200793762,0.0013863859641051327,0.0016998093603794735,0.0017869788094903173,0.0014108734246424705,0.0021646904167307826,0.0012539277012033675,0.0011626823243792632,0.0013466508161204171,0.0013999393960216519,,,,,,,,,,,,
45,SKIN12,1,0.016128896462500052,0.014344262525927466,0.014548994164391543,0.013913246755507511,0.01394256032967002,0.0136097497655665,0.01234797601533937,0.010970440504933027,0.009344395638915868,0.009113338463576103,0.009411173504739336,0.008883231511294035,0.007956055093057442,0.006413273329002683,0.0051191796403729116,0.003632476711678994,0.0031331829524610033,0.0028753784274042093,0.0028504281966777695,0.0028975157444198303,0.0029946001744410563,0.002996820991654098,0.002749540141568324,0.0018966194725078631,0.0017647184605689532,0.0018768754145455802,0.0015303579466468711,0.00225578360819753,0.0023693020018695668,0.0025761588519694146,0.0027246570411502418,,,,,,,,,,,,
46,SKIN12,2,0.04561638614691463,0.04065143638962071,0.04213514080209607,0.040435224984294305,0.04036465444872911,0.039724211852576255,0.036722171716749526,0.032963246122821574,0.028924312642211028,0.027964309507600635,0.02842001537501762,0.026815814410642257,0.02426873364626766,0.01947739021656314,0.015074069504240941,0.011150153744935836,0.008544634716783355,0.0065961569007631895,0.004862442708152976,0.0036821468681389087,0.0028953236885142205,0.002766015753426847,0.0033953174611735778,0.0042976158209074525,0.005509669525754395,0.004883735693525516,0.005231416138375021,0.003822998920241967,0.003837376541461767,0.0040499841274841955,0.003971335786626059,,,,,,,,,,,,
47,SKIN12,3,0.07251286591967206,0.06883490597475572,0.07400828649159262,0.07228673070456855,0.06968427541151002,0.0676426144590314,0.06441243371613758,0.06272410704993922,0.06022963153555771,0.06141859945522107,0.06409655245274719,0.06308383098155301,0.06261716168674096,0.05990144934767513,0.05830943180494275,0.056780096685891734,0.0555638713674168,0.05510425015390944,0.05314612506371485,0.05022445987965662,0.044607059872237766,0.03905534290785556,0.03261504352270262,0.023726170673517413,0.019799103797181854,0.0162324149535022,0.022507064881274866,0.02821965401203212,0.029271309291971997,0.031517313637214266,0.03076450454463953,,,,,,,,,,,,
48,SKIN13,0,0.06521102200846045,0.06230404600511144,0.0598999869477541,0.05773850335207119,0.0575849117859482,0.05667624239512665,0.05302475503684832,0.046945587644038396,0.04261194019664158,0.041215551225864386,0.0446351549762566,0.042833285040960456,0.03844756648240996,0.0319153912997726,0.025563800039834043,0.020030680820721906,0.015392283363963657,0.011585326286534914,0.008685619863394804,0.006327715638081636,0.004014128393978431,0.002969914942650098,0.0015214598279630048,0.0009259445636758553,0.0010810575167033156,0.001348493829954902,0.0012949793774058177,0.0010757202014661114,0.00113986450761264,0.0012821708008116646,0.0012386803418294422,,,,,,,,,,,,
49,SKIN13,1,0.01761619282438598,0.016621985798976655,0.015569734872497378,0.01477330993323459,0.014787646393236417,0.01460350871157172,0.013400636361101935,0.01129583948712159,0.00978881026143676,0.009160377722458302,0.010126257592081347,0.009677641116373741,0.008520022211787649,0.006543321346527695,0.004997788343704005,0.003756257889531162,0.003132587492875355,0.002949369554092839,0.00310210645374104,0.003287124243669194,0.0030391229112991538,0.0031470548160828127,0.0029140177763159565,0.002116458666813689,0.001779585458273179,0.0016002629429587292,0.0017386524777807306,0.0023498476282776235,0.0026157635571996507,0.002719150059638822,0.0027828808837854755,,,,,,,,,,,,
50,SKIN13,2,0.04699460970866911,0.04383592648986305,0.04194054912438219,0.039811201332022116,0.039888522749830145,0.0396336241269841,0.0368961838379611,0.03204628892819368,0.028651960826416478,0.027070125861006065,0.028939662865926634,0.027328507680033663,0.0242193564642395,0.019360751747198784,0.015163036066092076,0.011465638702889696,0.008234215044117074,0.006049534477467068,0.004496997180747459,0.003366611992305436,0.002910942085111578,0.002842775630526664,0.003071429713650736,0.0038461956867982716,0.0052615878496861754,0.004344157015799117,0.0050111002549066384,0.003767727388341952,0.003943739110424193,0.004089559597613778,0.0037776276283164488,,,,,,,,,,,,
51,SKIN13,3,0.07582777289662601,0.07445982991048611,0.07409966301889524,0.07165884992866113,0.06983447607649323,0.06755001093216041,0.06511998905187842,0.061386861774400565,0.06041347769237071,0.0603712450510728,0.06533729934619077,0.06465273910150185,0.06320803570394509,0.06070349167674025,0.05928625233847102,0.05790467998824018,0.05771361136319225,0.05647221552048813,0.05488518342989085,0.05017669487473156,0.04409096381090405,0.03969882666396529,0.03246779106224268,0.023767383192443706,0.019530252382348994,0.016864595231699468,0.02195960949699371,0.02854214163497904,0.028837094410174423,0.031068134014806223,0.030522944898567283,,,,,,,,,,,,
52,SKIN14,0,0.06255654310326762,0.05400156048708561,0.060935928329132534,0.06145513772672618,0.060464975218498467,0.05777293303102443,0.05420303720608949,0.04947956073357668,0.04433658634271088,0.04434762958478071,0.04575296561181355,0.04488411552083039,0.03966465283692063,0.03382026481441355,0.02733928213987189,0.02102155405267506,0.01702230661922459,0.013067321540114394,0.009638607428025593,0.0069377602429264405,0.004620005282578968,0.0034570820741977766,0.001947482294557419,0.0011986066240859913,0.0008950701438034408,0.001208410019300594,0.0011065222409745855,0.0012400268985417,0.0014560511207835896,0.0014934082201703892,0.0014416733793977483,,,,,,,,,,,,
53,SKIN14,1,0.018304479641948042,0.01564132044377842,0.017031072177556665,0.017074423980717745,0.017023273820635208,0.016264657579265148,0.015049477715171539,0.013377246611120788,0.011069283940387954,0.011166215393863805,0.01164312799758578,0.011360061045598608,0.009813764938820385,0.008257769354299045,0.006610600890297538,0.004952860555121091,0.0041737071388864904,0.003549531826410712,0.0031775114125277776,0.0028684136429886625,0.0029127565839194604,0.00282669052853338,0.002702772468672501,0.0020023780727439836,0.0016431850685048556,0.0016066279149170686,0.0018661182589213322,0.0027720919022246045,0.0023862983618449696,0.002851459339116096,0.002618698884176507,,,,,,,,,,,,
54,SKIN14,2,0.04636354311686621,0.03936795417241417,0.04368562984911852,0.04363738177121011,0.0433608379378362,0.04172774584612904,0.03902035497102806,0.03500767059783428,0.030785523406942662,0.030167922849356085,0.030948612615065534,0.02970013052793476,0.025997203242642108,0.021481825721196605,0.01691108618100422,0.01282556290333392,0.009590235003087021,0.007440946141433551,0.005612198882664033,0.0036334843261509914,0.0030553201441899614,0.0028060696430410688,0.0032386805768928996,0.004155967218832097,0.005041905107910285,0.0046759357714546285,0.004762909965016048,0.0035004542103805867,0.003669634366039898,0.0035891498866303315,0.003479593732315393,,,,,,,,,,,,
55,SKIN14,3,0.07389327570684044,0.06551402641981838,0.07629727592351858,0.07758561730178182,0.07462453813449002,0.07014067387089197,0.06759008662557776,0.06574519160122548,0.06373069157864555,0.06585672912111362,0.06839174886775387,0.06791557166962668,0.06599691465133627,0.06434454057292159,0.06282631034676084,0.06045135207720393,0.06116850312599237,0.05943851052155919,0.05612056186321435,0.05128427034659733,0.0455303982232772,0.04171229379493593,0.03317229141471494,0.024967995135898806,0.02048334287354539,0.016126007413529837,0.022831015937891004,0.030776235040648563,0.02948126211306272,0.032888795889947406,0.031968180155175926,,,,,,,,,,,,
56,SKIN15,0,0.06526364696333482,0.05764113186336547,0.05796125315417325,0.06035442551802345,0.06033392794236937,0.05740000079910009,0.053880685618312524,0.0483675430928975,0.04199364397789618,0.042941625386802365,0.04506020437585136,0.04388937315518564,0.039143641071076186,0.03186463803057592,0.026050142039074298,0.02032550757832233,0.015770583484807282,0.012060750441462344,0.009290502378045714,0.006291034040274729,0.00469212391091068,0.0029967520508137144,0.0016011430113057384,0.0010250014620677068,0.0013587858019124736,0.0017197410197271027,0.0011756609553777721,0.0011183820689718172,0.0011476586806462709,0.001541179988187199,0.001466062372952964,,,,,,,,,,,,
57,SKIN15,1,0.017892557104197654,0.015308453074465865,0.01495599279665439,0.01553105091282058,0.015551133516908575,0.014902970290565077,0.013792667548884493,0.011699062715100291,0.009940706072994557,0.009920688001938814,0.010388470255355966,0.009930992441598915,0.008534084870722533,0.006645943015403608,0.005297811105004663,0.00397326433321123,0.0030878581474375675,0.002860962568590183,0.002895227791466423,0.002925785409257172,0.003076836399078622,0.002827013862288246,0.0028546504996567693,0.001841190597734691,0.0016709760125308993,0.0014736371792306118,0.0016466020814210345,0.0020586590872747413,0.0025159681761924976,0.002740394676474607,0.0025696544147528633,,,,,,,,,,,,
58,SKIN15,2,0.04739787916083147,0.041372915001371885,0.040852179837858583,0.04225963288816687,0.04234137190463712,0.04030137604486178,0.038062337358780805,0.033372538051248936,0.028586685329898245,0.028841819741021464,0.029389416409289413,0.028271657976699404,0.024732446698866883,0.02009588463681374,0.015427825030485941,0.01165479810032841,0.008486032491335609,0.006506692674117504,0.0048739052801541815,0.003635869374567398,0.0031331445524369473,0.0028581352292931907,0.003176707418793126,0.00468279968390176,0.005601510421901969,0.005043221426440628,0.004453144501946461,0.0036641475252101718,0.003676206333524194,0.003953133968220571,0.003822906603763838,,,,,,,,,,,,
59,SKIN15,3,0.0762078882528324,0.07080280766803625,0.07274424261270333,0.07639922075830963,0.07403240007076543,0.06914809119652027,0.06758535459603474,0.06408778338070807,0.06051181321073781,0.06456448727700886,0.06730358985504876,0.06724314214263079,0.0647882386512916,0.06170244055351178,0.06041625321245553,0.05927614684889198,0.059197333279837686,0.057373531229919165,0.0565430974037256,0.05161282561333858,0.047139223139996245,0.041119350979617324,0.033211622921081416,0.023856700579124066,0.020049409367193256,0.016503982573585076,0.023295588716439507,0.027662049603166795,0.030702188114005546,0.03321930300991909,0.031109549848682867,,,,,,,,,,,,
60,SKIN16,0,0.0645455791589074,0.05903425863202004,0.06071073298285204,0.06100887451396184,0.059827003855710444,0.05842671816615876,0.05225546585284262,0.04699558704536298,0.04347463079386005,0.0433889144389251,0.043897740571130245,0.043307808171197594,0.03903580203990864,0.032219288695424474,0.025460345039702053,0.02031135300374506,0.016172280312047406,0.012091458538383415,0.009073491773510231,0.006515642892950067,0.004429431500956918,0.0029340529911291782,0.001675224512838769,0.0011754970701213577,0.001193240281681078,0.001576812140365358,0.0013886355617833547,0.0012725828808675323,0.0012684487480885665,0.0017137966973865238,0.001359037350665632,,,,,,,,,,,,
61,SKIN16,1,0.018418643534882262,0.016077245082370115,0.016492731142054497,0.016190148392730943,0.01610677018754735,0.01577816249181769,0.013810807730763604,0.011939640556925861,0.010499016500437735,0.01040653547948973,0.010369101565038596,0.010174802814544923,0.009142118876535443,0.007044179349070504,0.005408807917764655,0.004164881149000061,0.0035291532625705826,0.0030652392575566912,0.0028281292244330134,0.002954727603130155,0.0028877292055599912,0.0030129314279678508,0.002706096652850382,0.0020122780837498883,0.0018193125315320122,0.0013736039900681953,0.0017600280328386338,0.0021906576338316685,0.002338755466055074,0.0027672692032494096,0.0026719696586253224,,,,,,,,,,,,
62,SKIN16,2,0.04864639485909358,0.043461773390960155,0.04400067629877219,0.043814173477789174,0.04329963485426858,0.04237883873852733,0.037960922962773466,0.03334563275983888,0.030295872104419183,0.029863124059502543,0.029619633680265402,0.028917280787959656,0.025833110589416286,0.02080024869469122,0.01602479542202219,0.012516392251861878,0.00959735611142161,0.007041511529794831,0.005287037602558438,0.004099824786087924,0.00312589561957666,0.002864616395011378,0.0028358884981795093,0.004318603254766694,0.005371800201915075,0.005004571748209633,0.004891161942561824,0.003918744085120121,0.003545457054759636,0.0038053181511924126,0.003909908110605784,,,,,,,,,,,,
63,SKIN16,3,0.07779287853965249,0.07355420689939236,0.07754058889536763,0.07823298513187908,0.0749201678867077,0.07175621353948711,0.0666187477574534,0.0635483623280592,0.06347316691415683,0.06587148192641415,0.06663193013297264,0.06764070112971428,0.06645526585781601,0.06306690395538561,0.06042693022618501,0.06029898502366162,0.060725084707951474,0.059426625179162786,0.05628091732429962,0.052077453106387034,0.0468581823799036,0.0419628721749639,0.03408236878105432,0.024601190097363373,0.020353984368085182,0.016757378889713254,0.023491512949136664,0.030221524579699063,0.031359713943862264,0.03335714941882376,0.032237797569718715,,,,,,,,,,,,
64,SKIN17,0,0.06086874028097407,0.061590642723514666,0.06002488280956169,0.057159276287195984,0.05795211381561857,0.0560897681296305,0.051553103354078235,0.04732369020719026,0.042223482250492606,0.041943535452674,0.04336030641232222,0.0421732335537486,0.03774522693566157,0.03239003285967535,0.025066460512323387,0.019858416671152755,0.015727980621821385,0.011871729876912467,0.009169935035913342,0.006427746921358705,0.004901226752909465,0.0033066687287613005,0.0014698528240353567,0.0011170449113826098,0.00116246108503599,0.0013882737118757682,0.0013646605448627293,0.0009201106208813987,0.0012968333374105702,0.0016063227176461642,0.0012508440993793711,,,,,,,,,,,,
65,SKIN17,1,0.01617620039634331,0.015875456980009577,0.015268506837697517,0.014424895338111933,0.01456249709723025,0.014186225031185475,0.012637532990151332,0.01100243548491207,0.009451647206058294,0.00921623778076391,0.009642178426579912,0.009147522475016422,0.007977593817916774,0.006719442491899493,0.004915380981836923,0.0039524439224172,0.003514792349460506,0.0035539635439442684,0.0036615806676996232,0.0040425833524805905,0.003991663238876394,0.003608447922396219,0.0029338015554360394,0.0015694338859337043,0.001660363050127264,0.0015871098257973248,0.0013398794650636453,0.002521543901879373,0.0026758657253156165,0.0029181920002643376,0.0029703181752365254,,,,,,,,,,,,
66,SKIN17,2,0.04412792896677802,0.04396248774010708,0.042480568571493044,0.04024073117107247,0.04064059569000303,0.03993775954399305,0.03624604445196134,0.032694528865834786,0.02860199303031473,0.0280936158988633,0.0285205079449955,0.027492558384383622,0.024345407305729906,0.020453630037302974,0.015172612669267034,0.011975716550039988,0.009156429149705188,0.006923443226441702,0.005175203015853953,0.0038657519276927,0.0030306059713905162,0.0026211563343678966,0.0029961280975865333,0.004585254397610794,0.005261794112804012,0.005003912765994827,0.005353489202150001,0.003876621919936927,0.0037209010087586557,0.0037906286291000783,0.003943826328422481,,,,,,,,,,,,
67,SKIN17,3,0.0704692478263807,0.07394830042927715,0.07444838041472732,0.07104159234839783,0.0706456118930257,0.06714168307145937,0.06378026991361052,0.06253873011467424,0.059686070728800146,0.06177601564317251,0.06365424494530833,0.06380835647477386,0.061910496483575,0.06122575992194748,0.05694138731051028,0.05701258363661788,0.05685589410346814,0.054971861710879186,0.053612745804937204,0.04942962536040064,0.045234630224851476,0.03861104728087585,0.031775694657685954,0.022337956377419605,0.01840381213231045,0.01551406124751574,0.021791103885254553,0.02788899409114752,0.029188545107973606,0.03153030212001545,0.030340344884618873,,,,,,,,,,,,
68,SKIN18,0,0.06974183159933432,0.05827951716501959,0.06561956584079605,0.06130574306523516,0.06277015091392905,0.059837757831534485,0.05603560875854509,0.04985200358241264,0.044605174298451164,0.044801779923135054,0.04630009723013228,0.04590534851296694,0.041174562920114614,0.033645414567222955,0.02698797716493314,0.021198775625154872,0.017539374320467118,0.01321699322323944,0.009879351286408591,0.007446526803509421,0.004890044029376688,0.0033210367556784507,0.001483502656033038,0.0011096752362197175,0.0015136391891158428,0.0019901500588531,0.0017086888049892212,0.0011296490134292817,0.0013016631174510977,0.0013004521563040774,0.0011989631658048333,,,,,,,,,,,,
69,SKIN18,1,0.018018084471348863,0.01461938078084238,0.01661433320618466,0.015010393161285992,0.015486273484545081,0.01478966140978441,0.013640807884226867,0.011743507530204592,0.010103711097373095,0.009869157843040089,0.010180616754919247,0.010083365149466445,0.008952862510150579,0.007216724758907101,0.0056518599984522735,0.004499387185292668,0.0039570879448915675,0.003293340258160955,0.0029628280004719548,0.0027339892447928007,0.0026834961795817276,0.0025683548605883867,0.00237418924959932,0.001645089113610026,0.0015493975030699814,0.0016072697149626745,0.0017934801212038858,0.0018919048740359294,0.0019725826999702407,0.0024770780331347985,0.0024671538270838733,,,,,,,,,,,,
70,SKIN18,2,0.04963493614410072,0.040758136533904255,0.0455936728734347,0.042050917105099846,0.04374630288063065,0.04136388258392604,0.03885389699434338,0.03415829720803595,0.02992611279964702,0.029642000330088306,0.030013802300282492,0.029332087732010806,0.02579453310559384,0.020625135250564964,0.01649480294122837,0.012483147672894991,0.010082822056136417,0.007514896970245348,0.005875508648219585,0.004036208034086538,0.0032815317323383517,0.002701874593430976,0.0034821180976557144,0.004732461384321704,0.005253455428480171,0.0042221776668315576,0.005350898647521952,0.004161476878155369,0.0041297656533543,0.0038147387610702878,0.0037875645050905117,,,,,,,,,,,,
71,SKIN18,3,0.07788203738423546,0.06751881498556028,0.07858900073363977,0.07366512805101885,0.07443624956578442,0.06923464029429115,0.06661466112368128,0.06371667312912282,0.06092259558357825,0.06375599461987023,0.06610263578148985,0.06680172992561371,0.06484456117600605,0.062002257847520566,0.06047749354173389,0.058130121878076965,0.06084801898444044,0.05808155450812467,0.05535039366426468,0.05155262474389756,0.044529927162681525,0.041453857209055776,0.03322064663602003,0.024633862600037224,0.01962282314185457,0.015963790455344233,0.023250452865134164,0.029020312686412014,0.03026450206637091,0.032262733737364636,0.031371068370057105,,,,,,,,,,,,
72,SKIN19,0,0.06023521031471538,0.06086476074897291,0.059379388851144535,0.05748213214044311,0.05780256785740032,0.05789661248818948,0.051965330703320343,0.04808882586330568,0.04285229510248905,0.042989502111310855,0.04388383765922171,0.04326327408664045,0.03805324108900045,0.03251229939663562,0.025191534699531015,0.02053315553759539,0.016002101280855864,0.012342822461235534,0.009440484401192722,0.00703227730881775,0.004954460501445025,0.002988523416510246,0.0017452908660106322,0.0010123802115614554,0.001226896665910262,0.0009247740385508764,0.0009732347325792265,0.001092016297415728,0.001405158116199217,0.0011503068233113577,0.0013396367092853502,,,,,,,,,,,,
73,SKIN19,1,0.017382770509050353,0.017264013210187536,0.016295269148713258,0.01567201452333009,0.01591580612596028,0.016158517793426884,0.013977368950803017,0.012681256821276937,0.01084750069981123,0.010825901823278073,0.010781336070269577,0.01075324729265413,0.00899198599604469,0.007484822871976877,0.005730634542883795,0.004672240762943119,0.003664261093090166,0.003005266568956248,0.0028257907664521343,0.0026216041700423158,0.002734783223813772,0.002668862782040544,0.002371260186126143,0.001780864790491019,0.0014415027333787003,0.0018262889372372593,0.001689402823275231,0.0021703603512149817,0.0020636684194470806,0.0025342384317219788,0.002433565563595931,,,,,,,,,,,,
74,SKIN19,2,0.04463516420603021,0.04391743654769349,0.04236867499569281,0.04126509158440362,0.04147931357748273,0.041693097353541354,0.037433811747311134,0.03413637674227331,0.029766543618786386,0.02932205045911921,0.029326935629994624,0.02885757594690194,0.02476079519315017,0.020598312050494623,0.01551488570282796,0.012051232944963332,0.009385566891254023,0.007210556018434031,0.005568741091728236,0.00392353873661701,0.0032431149036609803,0.0027532118278263966,0.002847747258807855,0.0034362265656103187,0.004621679980442914,0.004720672102555463,0.004206660984530019,0.003351535788195445,0.0032298388738900233,0.003331145717395541,0.003540981509596456,,,,,,,,,,,,
75,SKIN19,3,0.07158580579911654,0.07419035612013344,0.0749358651860784,0.07351558595594775,0.0719754151858739,0.07075740076624944,0.06601453826254584,0.06484238924363213,0.061892078928600644,0.06438565942242123,0.06590036945156441,0.06655654128352947,0.06399178807714863,0.06211842422990109,0.058930964956925604,0.059433444775116036,0.059217011346214904,0.057252470970877725,0.056528364880433425,0.050888860720771305,0.046736059991831516,0.040282395575165185,0.03249823480451288,0.024079408942661782,0.020132983187256433,0.016698948250456043,0.02327838113312205,0.02943776573551929,0.02962214944875192,0.032369240427790526,0.031311932950875254,,,,,,,,,,,,
76,SKIN20,0,0.0658589208092228,0.05110191479042302,0.0610516802507851,0.05944480286580464,0.059766770599112874,0.05850896151204685,0.05435269296102582,0.0495425325009319,0.04353738342025032,0.04262562674868598,0.04556593511888544,0.04465222995807235,0.041280901226825435,0.03403933488856236,0.026931812242794846,0.021222911074655234,0.017268093690338913,0.012950912389998908,0.009893326997966688,0.007456279051093238,0.004808100937359032,0.0028354240314969275,0.0013148938982529715,0.0018062285021566017,0.0017171484385848585,,0.0015489544976495693,0.0012936326236720498,0.0014200827797526076,0.0016710337346066647,0.0014104636731268078,,,,,,,,,,,,
77,SKIN20,1,0.015547099405351346,0.011841511807322153,0.013798367107837271,0.01326073374596638,0.013474210986105486,0.013196515866016558,0.011683616069207817,0.010278706869036855,0.008602644970433662,0.00839964990246184,0.0092369416261416,0.00893040617580456,0.00787998649621424,0.006467690871105976,0.004574241229899933,0.003657674764810222,0.0034029333859121286,0.0030513945993562988,0.0029491178248108557,0.0031358432691398143,0.0029389845504612464,0.00259430752609866,0.002072689934685987,0.0011835970841042843,,,0.0013775477041149846,0.0018687100445875645,0.0019027296091568544,0.0023643853247798897,0.002308267089732526,,,,,,,,,,,,
78,SKIN20,2,0.04641534780656507,0.035266974272589235,0.041684313259416385,0.04041618303087529,0.040406202391639306,0.04002205268352995,0.036634046325379074,0.03269784103562265,0.028232579246576055,0.0271035551316663,0.02841428944850924,0.027353349721618903,0.02470632218741627,0.01941459445281287,0.014443022564383162,0.010464583019277962,0.007658393809550323,0.004967027113156392,0.0036293881055651654,0.0030833915390650274,0.0029157289806437483,0.004404163436480738,0.0055234925487542275,0.005184494870050067,0.003139187810024086,0.002276897952483416,0.005299842095114109,0.005475335650133005,0.0056033487558904424,0.005238420681698202,0.004700024991973903,,,,,,,,,,,,
79,SKIN20,3,0.07838165190892667,0.0628933786241368,0.07774572805449291,0.07627817127524053,0.07417382843994015,0.07179897418723259,0.0683320698945949,0.0669065628369492,0.06349663188960099,0.06451469002485251,0.06868112428056344,0.06842698419468372,0.06923460176601236,0.06517007273867836,0.06337787288575596,0.061729154397827134,0.061724742973031994,0.05975182135045537,0.057413051810258964,0.05356813278677184,0.0471233599041537,0.04132085782200575,0.03368637282289191,0.02376167570076438,0.018977907046407404,0.014955727726497905,0.021752475212114424,0.03081704837522277,0.030639687989052575,0.03349585931191738,0.03139311212134421,,,,,,,,,,,,
80,SKIN21,0,0.06589433885291529,0.05778513748840477,0.06075185086395873,0.059597822682209735,0.05784134954209554,0.0598671278363383,0.05511397929876299,0.049008484439904985,0.04445382069369185,0.04371420236769177,0.0449988364044644,0.044583157824359655,0.040506152145484094,0.032757411801394104,0.027043410953708557,0.020962772069920855,0.016718347492874278,0.012610655004310568,0.00991960449678651,0.007299418291020172,0.005071545940330244,0.0034645611968188673,0.0019849770978145383,0.0012044950481134666,0.001296260386343265,0.0011203766206284852,0.0012319592606736048,0.0012873965332363293,0.0011760233494461207,0.0013692310942886126,0.0011910541648277781,,,,,,,,,,,,
81,SKIN21,1,0.018180832269270513,0.01551686161673823,0.01603111609245506,0.01563504451848628,0.015330028863921229,0.015822615285645585,0.01426696528179498,0.011955546280056694,0.010522399837397434,0.010318637906289459,0.010748801508056344,0.010375002796260996,0.009225535123846058,0.006879750523970131,0.005932004091360614,0.00402985160626725,0.0037291036808387384,0.0029724009522979185,0.0028730804757582883,0.0028588436656130545,0.002877712480992384,0.002846975317188714,0.002790620251220184,0.0017833150270301782,0.0016764596399049543,0.001491909663623005,0.001724538358804616,0.002287647515436618,0.002557228181801564,0.0025607237684194895,0.0024818049094044764,,,,,,,,,,,,
82,SKIN21,2,0.04696792096085964,0.040528707948136934,0.042099880215472375,0.040886338158125715,0.04000174905292057,0.041353960634210894,0.038012617542281565,0.032921824777402714,0.029506209820302436,0.028355914920548928,0.028780203135688732,0.028261621249222955,0.024761084485904323,0.020082845973933963,0.015455071990845304,0.010782027095010513,0.008392788490492555,0.006027425690300505,0.0044809853650078,0.0032951692613842234,0.002833869024235662,0.00286211442707961,0.003352364454253703,0.004648758065898214,0.004836078300833077,0.004652583163429485,0.0048480209404502235,0.00433702803473107,0.004323601009544709,0.004107161555617454,0.003906620743602646,,,,,,,,,,,,
83,SKIN21,3,0.07696186782432664,0.06982544292692579,0.07565666471507805,0.07472124427196752,0.0708944260623436,0.07205848030399203,0.0685005215854351,0.06497635792636831,0.06320630501755882,0.06414388132384105,0.06653771861636991,0.06774338692897354,0.06605792086087882,0.06290935402775395,0.06194335516559855,0.05993134948750368,0.05909843672128962,0.057617045514799,0.05692711479100507,0.05207240583676,0.04718532413281466,0.04035056085173166,0.03415242502285874,0.024928772605145564,0.021190408442027613,0.016713574819355,0.023526089359939353,0.03006445352231841,0.03022205829129408,0.03164740967222389,0.0309685008789563,,,,,,,,,,,,
84,SKIN22,0,0.06144548224656489,0.050553574660422804,0.05982513114797628,0.06034782491296858,0.059228658755558,0.058143212676241465,0.05459537080809709,0.049733952393442235,0.04466537600657534,0.044347564275703244,0.04485145374689249,0.04457993501591237,0.039767901517440835,0.033761066254489276,0.026745761033063198,0.020954470048713574,0.016502321315967797,0.012901556106931628,0.00940602208888319,0.006781301397169653,0.004811530322786388,0.0031526510340584932,0.001861464840256752,0.000992698967088231,0.0008973734962238276,0.0013769339183842687,0.0008537968533592022,0.0010493149413833397,0.0013649181105337815,0.0012438016110976771,0.0012597993572776253,,,,,,,,,,,,
85,SKIN22,1,0.017207696494209033,0.013419465968411553,0.01603184645138344,0.015778676803925473,0.01547750410924131,0.015233274936278483,0.014337398191934907,0.012513038733086082,0.01065588498603382,0.010520634471988081,0.010526915775127738,0.010184290131250067,0.008899713140793077,0.0074013405532672785,0.005531196831487915,0.004412096604116542,0.00342472357660807,0.0030802598568614604,0.0030080691210076223,0.0030131038265563364,0.003003184022310786,0.00308249978638136,0.0028436468331118556,0.0018096493309077818,0.0013295229586324719,0.0013701823101107684,0.0017456711306751713,0.00236039891957093,0.002141607507917648,0.002731756925316314,0.0028840131951760163,,,,,,,,,,,,
86,SKIN22,2,0.045006250017644765,0.036396829634861204,0.042327269440948834,0.04223555115140783,0.04158367155291895,0.041284640365045214,0.03876623702335773,0.03476060562023663,0.030173932551597307,0.029875408894866864,0.029584472522763895,0.028791526592877592,0.025255470592411906,0.02082554074146661,0.01578630385964449,0.011708995569196133,0.00890142170118862,0.006444286243624363,0.004709777759679911,0.003425371684489676,0.0028579956819335833,0.002848279980405869,0.0029940628324134967,0.0040716284330423085,0.004665034982310638,0.004209225966486392,0.004737078507325758,0.003638936976727324,0.003784967045252657,0.003758619062669185,0.0038179169292811167,,,,,,,,,,,,
87,SKIN22,3,0.0730733434658674,0.06238424576118446,0.07580231248603933,0.07671652941352206,0.07338425146678736,0.07143946803596697,0.06872007396356639,0.06691151849096721,0.06433466060276906,0.06702787597088616,0.06798617414272906,0.06875281663530686,0.06651593006785819,0.06528908836386997,0.06231581412037375,0.06022841104012851,0.06078602902771151,0.05957776219341354,0.05630852933391988,0.050950450505318386,0.04656958582464789,0.041827359486630154,0.03426137835236399,0.025423738360219505,0.021251363672901515,0.017848186569983344,0.023646805695825564,0.029755937310601135,0.030386332540422195,0.03295012594555377,0.03174830374521377,,,,,,,,,,,,
88,SKIN23,0,0.06687179442727302,0.0637271295143713,0.06219733256712889,0.059922871091305445,0.05936785342750054,0.058015985134195314,0.0527457518968805,0.04879923872247801,0.04366869192227867,0.04338830427233815,0.045202874645719184,0.04377979449943368,0.03962464179828967,0.03315092015435562,0.0267651680822734,0.021250296325316782,0.016106857417920478,0.012381914281917211,0.009601990901104756,0.007021217345995589,0.004929040111277433,0.003440217148103152,0.001831688524370928,0.0011349408637215598,0.0010793600929078168,0.001175170210282224,0.0010741891336119155,0.0011587192327704341,0.0013822029422654617,0.0013600148599673704,0.0011723245654458887,,,,,,,,,,,,
89,SKIN23,1,0.018612275815433,0.017329870476262266,0.01649641892505417,0.015847079959615772,0.015566743584785462,0.015153387518262104,0.013682728783687386,0.012101062974047345,0.010438980171562352,0.0103274594503211,0.010720935446087987,0.010346971625077864,0.008958925466692653,0.007293411947438655,0.005921307295912964,0.0044468793148355595,0.00359563173588936,0.003193678669973757,0.0032647703705731145,0.00326188313761598,0.003176248295778252,0.00281983261351007,0.0028694866990673184,0.002311277187938584,0.0013365938559941092,0.001442351633505749,0.001881784238004714,0.0026695416852831086,0.0027272617925561226,0.002923172394766,0.0029699181761975823,,,,,,,,,,,,
90,SKIN23,2,0.04826788581215415,0.04555603035559701,0.04330449100060578,0.041814658464518394,0.041235503373963436,0.04062820291565819,0.03674260588719455,0.033525333803751195,0.029852827925340004,0.02872836306440898,0.029367144347899624,0.028227894432739,0.02495467958981185,0.0201835559973211,0.015730513405616712,0.011965245892829528,0.008933180754130732,0.006643073793280387,0.004878990758125723,0.004005624888127928,0.0033685743098120493,0.002949335958170213,0.0030421607107859808,0.0036172020620109787,0.0048210050367303876,0.004818311992755392,0.003973068366481645,0.003636342979802061,0.0036192846401654987,0.003750588367526223,0.003622151028588416,,,,,,,,,,,,
91,SKIN23,3,0.07783022130736779,0.07756792590610806,0.07726272359053032,0.07535786507535001,0.07224349188581387,0.06967456713876934,0.06522462353634076,0.0647547175058558,0.06293531508170662,0.06368547684630951,0.06692307599500794,0.06681822880916985,0.06509960858852686,0.06251496750498249,0.06123373648870464,0.059877169464078894,0.05911878260073783,0.057929227842815706,0.0552753227876906,0.05195919767335318,0.04678223686433298,0.040862086111750434,0.033223943117515954,0.024829341936460525,0.020377374240509925,0.018234027495314865,0.023609804669793368,0.030694761228553604,0.03049854754168379,0.03195614680757235,0.03259147629810191,,,,,,,,,,,,
92,SKIN24,0,0.06235153798874253,0.06020087171987353,0.05938429314983173,0.05973373380183304,0.05946570933899015,0.056599214886775884,0.05340648799306296,0.04743005343067682,0.04311072473578331,0.04308156464734435,0.04441701572100946,0.04296782013901308,0.0394690673408098,0.03188149911638506,0.025786543887906622,0.020650254961391386,0.016081914306549087,0.012193837835119842,0.009651216416777015,0.0069608188706874186,0.004718152200467347,0.0032259549650884645,0.001839233873670072,0.0010531046813425848,0.0014413134599985853,0.0013396867069884978,0.001037894357762185,0.0012722217005552976,0.0013583483565489927,0.0013878047376099669,0.0013667744108340838,,,,,,,,,,,,
93,SKIN24,1,0.017496044556650825,0.016743717488455327,0.016046047451149605,0.015972653193903064,0.016143135306914864,0.015472563889054916,0.013970524750531326,0.012034496857534436,0.010381382581331559,0.010421805141029567,0.010559923283329659,0.010507008394204105,0.009410701809093605,0.007129742261503874,0.005537322263059959,0.004565405128479245,0.0035069016263761968,0.0030329805375432788,0.0030501373631232264,0.002968694695736667,0.0028109005961127953,0.0026429911462079844,0.0026810478702236026,0.0017442673258948143,0.0019601983161340107,0.0012394433390107873,0.0016927651172303707,0.0022568434673977096,0.0022347222080364684,0.002386712229258088,0.0026564062756083127,,,,,,,,,,,,
94,SKIN24,2,0.045069688569513044,0.04280007341255492,0.041428489723536285,0.04190760982188408,0.041694166550282206,0.040053215244761166,0.03734650187679305,0.03267135448783765,0.029026230143533845,0.028738432223946852,0.02912048378729494,0.027884061904302874,0.024877519283352786,0.019605103451331353,0.015199567583943191,0.011744411650970238,0.008825674741757899,0.006383258751553093,0.004989023667086993,0.0035036266920259905,0.002881311607965834,0.0027170271905437235,0.0031139863274783175,0.00509668781723654,0.00554781427337398,0.0048947732604575234,0.0048538341759917026,0.0040835908179985385,0.004225184520320135,0.003943428702599661,0.0036935260503780697,,,,,,,,,,,,
95,SKIN24,3,0.07248562350134423,0.07245703201778424,0.07392886612649516,0.07517317139527867,0.07310919766310521,0.06853702843128776,0.0662355414242989,0.06277086170783978,0.060910110152386183,0.0640399927233471,0.06603936146876649,0.0655495386119918,0.0644352294403652,0.060945661898939164,0.059175621815853285,0.05844039948201066,0.058219339027424856,0.05667307063793256,0.055586912280636294,0.05123007602376717,0.045689373056383306,0.04045574044445901,0.03342111259350432,0.024654164552755486,0.019629623413965947,0.016455513178397652,0.02307841917036865,0.02941297835928787,0.029682971803211847,0.03223944401466335,0.030748982182641108,,,,,,,,,,,,
96,SKIN25,0,0.06466616042075075,0.054626316130045795,0.05901872035416695,0.05778426016254548,0.05794629181663244,0.05636603390990029,0.05229067812932899,0.04668971251217394,0.04233948145038514,0.04159521191704891,0.04371333089744891,0.04206683507622674,0.03876658954975433,0.03173223106668293,0.02499366900053558,0.020316332819139367,0.0155747849923237,0.01273657100366304,0.009543462708953274,0.007121687039062087,0.004702749601427791,0.0034340167046373027,0.0019148964206659592,0.001190762219079409,0.001069539665754604,0.0013392786425637454,0.000974489488628818,0.0010465915296707597,0.0012661660071524555,0.001446145150506618,0.0012146859263657006,,,,,,,,,,,,
97,SKIN25,1,0.018355650640424583,0.015395936203766935,0.016077824483240914,0.01562622129694778,0.0159226886387656,0.0155679162130605,0.014122312182955156,0.012035530306833133,0.010529214346572,0.010257281611781865,0.010964682473295627,0.010312108717720606,0.009214230071627872,0.007321671476084847,0.005601174328503817,0.004479471303132759,0.0035889676235114237,0.003251225263616949,0.0030391412075341457,0.002803486777628735,0.0026687399643508104,0.002832134360052016,0.0027149089036294493,0.00183214811391281,0.0014072736053494747,0.0015411234374795159,0.0017315649150295934,0.0022464891114441876,0.002515313444522628,0.0029141838646065204,0.0029151039616988053,,,,,,,,,,,,
98,SKIN25,2,0.04764837640573627,0.03971423143371487,0.04199733680430427,0.0407519308854991,0.04131860821026318,0.04048467167365894,0.03726047563678399,0.03296156574013263,0.02892159423489349,0.028104943451750193,0.029206385082142544,0.027676386476057822,0.024780341701726077,0.019802047205008968,0.015196084655734628,0.011722712236949198,0.009022553849894647,0.007029148757492879,0.005105914845926001,0.00401890641531367,0.003081099986181037,0.0030315831453276852,0.0029307068604273135,0.0037059941799275904,0.00503014381075057,0.005104347502187819,0.004349700182523408,0.003626260523710531,0.0035634609563366297,0.0036723645930475442,0.0035531941506749326,,,,,,,,,,,,
99,SKIN25,3,0.07663595983692412,0.0678885638876035,0.07490539812351796,0.07405011228376568,0.07252623006982661,0.0699107765661302,0.0665399616523771,0.06378253649738289,0.06139759708436488,0.06272948746998576,0.0665532349011506,0.06546542992289754,0.0647740569142893,0.0615581844450739,0.05872798200515944,0.05856941273814022,0.05754019751920685,0.057676306327584734,0.05488080005104865,0.05067450758252018,0.04485491218733484,0.04028285742559278,0.033135457928581157,0.024766019268033717,0.01989823197942619,0.016752014390725545,0.023028519428074486,0.029113234096452792,0.029538203018211518,0.032471946696300116,0.03145546317743768,,,,,,,,,,,,
100,SKIN26,0,0.06246963993189699,0.06567160272263436,0.05851219529887825,0.05869096162742232,0.05927024265883302,0.056085050011965204,0.05203351323416439,0.04637852800364635,0.04184198372715347,0.042301277051669604,0.04282262565299609,0.04239853712882357,0.038497766108613954,0.03139722159808905,0.025202233649392135,0.020086358293460928,0.01583949219426659,0.012028234682069415,0.009153948442871759,0.0065471819345295406,0.004246746671506146,0.0026122694103926903,0.001365562633160963,0.001748906657027308,0.001520894253398224,0.0009379756954700816,0.0013775587729275322,0.0013369051202247188,0.0012800303495364988,0.001361720646168975,0.0014023359528440257,,,,,,,,,,,,
101,SKIN26,1,0.014192272176421975,0.014372238406788878,0.012294239219946103,0.01221954913904366,0.012386183547367091,0.011837006831312438,0.010905333409288129,0.00916594165976992,0.008001913612907422,0.008028454856622999,0.008021227139949455,0.007909337625651257,0.0070781445758239065,0.005395253666766148,0.004165283469328063,0.0033241665997743243,0.0029544204269586283,0.0026947447913464755,0.002799847194571012,0.0029164817129451724,0.0028209698179073248,0.002648815998406162,0.0019872067853797873,0.00146644274229306,0.001303129543702781,0.0004961265119767427,0.001662114203511346,0.0018991446528898095,0.002373172991863972,0.002506564204425136,0.002318674383790586,,,,,,,,,,,,
102,SKIN26,2,0.043026545188309145,0.044803063114935315,0.03904959075501027,0.038931616253037184,0.03962665231128325,0.03757363290621015,0.03492502199886981,0.03060064131547258,0.027112318023479857,0.026724210616945306,0.026493178339579128,0.026071936768160588,0.022961568767463122,0.01831360450190351,0.014056957781586955,0.010809644491301406,0.00835899253333445,0.006053947150559871,0.004840424281840553,0.0033523633549203844,0.0026646982991670124,0.00278319808917247,0.0033432331060595584,0.003930973148347911,0.0054259704699991815,0.004430806822805673,0.004625017656196445,0.003781289718081882,0.0035482001668732826,0.003504599110846253,0.0035373976030513466,,,,,,,,,,,,
103,SKIN26,3,0.06788283664569476,0.07416579133413649,0.068513830429687,0.06912097139778685,0.06814431944656939,0.06341957394779006,0.06056628313232353,0.05791290072483966,0.056560453979009676,0.058784977525859636,0.059614719186292665,0.06041739817918063,0.058869120837790376,0.05586244336342738,0.05381346619595889,0.053637910513929445,0.05273354981522724,0.051966541717192685,0.05082132324933115,0.04677589723743194,0.04185711226333307,0.03586099635116844,0.029682843194137824,0.021898882446495425,0.018445582993051046,0.015505315366362795,0.02049335268940701,0.02739950447069342,0.02724710020825336,0.029520184950138157,0.028538704254191333,,,,,,,,,,,,
104,SKIN29,0,,,0.06133751271718427,0.06148446285520402,0.0624420654044196,0.06038779178413911,0.05507128667733843,0.049243806215548386,0.045388122055674926,0.044682918108004344,0.04709870058262015,0.044315022772023,0.041397846710348206,0.03429513543746488,0.028326090337866115,0.021920129916092882,0.017128920444256995,0.013251801310801007,0.009592342069222447,0.0071781442446810445,0.005037638206795872,0.002987959212563089,0.0016907556924641335,0.0011472248565714484,0.0011900748799431313,0.0021689433405280138,0.001337881173061128,0.0012930289732769557,0.0010477507792595148,0.0014090191275469587,0.0012444035491971151,0.0013950559331107498,0.0010412250996750935,0.0012733615821774568,0.0013102368282321827,0.0013433941649099181,0.0012599447712529739,0.001410759591642751,0.0010749516892225109,0.0012406277726302467,0.001146403224876464,0.0013645044024784784,0.0013413356731641851
105,SKIN29,1,,,0.01717913898416278,0.01720846692748893,0.017454196543546376,0.016968425905365174,0.015221291134858806,0.012950807047741989,0.011699431859194875,0.01161899531028079,0.012222991601804099,0.011062648443939721,0.01017102247093247,0.00816802954478377,0.006658264312344778,0.004896757897679931,0.004079211424702585,0.0034373238426985285,0.003105093898992463,0.0031286368881008894,0.0031307635864365694,0.003293871037181751,0.002618924640369623,0.0016964782106065495,0.001741838635660899,0.0019307918817585504,0.0016427575294500672,0.002688043693934151,0.0028332194015054856,0.0030468066681393294,0.0029425712791190024,0.003119793102590102,0.0025983288257004516,0.0023124019257298365,0.002022256597144999,0.0021730315624434956,0.001736247851964529,0.0020993543146291286,0.0023967312869642285,0.0028448825521775,0.002647847480876889,0.002531126064769656,0.0031521510080956493
106,SKIN29,2,,,0.044657686150706206,0.04413152267789528,0.04529851287441495,0.04384158806037146,0.03999964968709586,0.03539936621466898,0.031928979448418014,0.030684452245992488,0.03211476831273587,0.029295269761230515,0.027166272278397997,0.02192402284108572,0.017677575655627453,0.01354003228434929,0.00997119081253197,0.0073215858826343174,0.005511502132846326,0.004021685784558195,0.0032721568543653628,0.00269031010556883,0.003400483440811821,0.00509747491093041,0.00574741389980263,0.0048702277004342475,0.005193195345187823,0.0037275766618314918,0.003263435833995718,0.0033293511045212145,0.003733389787103109,0.0033854724671608066,0.003071233128241672,0.0035818306140679586,0.004160736845078088,0.0038941223505687744,0.003161097471999525,0.0037400612250129282,0.0035150896292622277,0.0030316424001798916,0.0038269217476995594,0.0032595834579651037,0.003278190628940094
107,SKIN29,3,,,0.07762098627367638,0.07820421023255242,0.07741141148940317,0.0737466513976209,0.06927895398133012,0.06666249553685748,0.06528849567761487,0.06655770934958974,0.0713577294424607,0.06761467077766839,0.06843781531757902,0.06652682022958423,0.0662282081842167,0.06435149051700506,0.06323415806880686,0.061217541048166256,0.05990873356696241,0.05519617486336365,0.05082906145863933,0.04336518539379368,0.03667938077056701,0.026642739317229124,0.022377985742176282,0.018150494627764892,0.026497961595437016,0.032724049169107414,0.03272856635746257,0.0358103594930669,0.03590695082140546,0.03255671463889636,0.028660573135763485,0.026087035943536084,0.02354782302117184,0.023115272007032315,0.022105328025519105,0.02185028022155132,0.023994101566917805,0.023373140814349613,0.025913903443584626,0.02491788210735001,0.026733308589611635
108,SKIN31,0,,,0.05449040015085717,0.061464860270777036,0.05894584276866331,0.058824000725231064,0.05491291292265443,0.04923356406957403,0.04461187681172508,0.04422140055420347,0.04506763367353819,0.04391492101505244,0.04030628833208968,0.033671278359150916,0.026770870711644495,0.02199409481541289,0.01666291460984341,0.013664653956001806,0.010362836213889502,0.00741562075681756,0.005151897564889653,0.003941789789565868,0.0017652155469708064,0.0011350639682792766,0.0015015301644762666,0.0013115703819721442,0.0010177915930376542,0.0009742575501787525,0.0012171375802162842,0.001415162020172073,0.001166359555870759,0.0013778950947122357,0.0012635046418844817,0.0011159366051065659,0.0010228403267956141,0.0010016502570965764,0.001073800170671838,0.0012912856148042866,0.0010670268582189328,0.0010709479156997307,0.0014152401895830685,0.0013433493175711382,0.0012953572948871549
109,SKIN31,1,,,0.014478292576178204,0.01610979232153579,0.015313719021378198,0.015508176031583665,0.014041842651724028,0.012289741392272959,0.010498136161780698,0.010218630166546169,0.010552139274214807,0.010059182306733014,0.00900773518909568,0.007295752750867139,0.005814464248022224,0.004307084312143577,0.0034334242767729843,0.003288168977573013,0.00314828776665181,0.002997628559054918,0.0032460248742298397,0.0030604976478226446,0.0027157858967767922,0.0018531068365763423,0.0016188679941410977,0.0009688970185812719,0.0019420218288712856,0.0019001833098845529,0.002277358013950579,0.002960406710485296,0.0030522841632858516,0.002576133500960939,0.002825921801721624,0.0022441756095093243,0.0018137848977778522,0.0020195010782633666,0.001532439927963152,0.0017936592729425915,0.001864493451859771,0.0024767293850611258,0.002635669435623759,0.0029993512353714397,0.0025207092557988685
110,SKIN31,2,,,0.03877746568350803,0.04324079608997019,0.0414676846271007,0.041689734897544475,0.03867467645775892,0.03418415379480067,0.030304439879864996,0.029478932545014516,0.029899700817506997,0.028668023119220492,0.02560585728501969,0.020962191833113385,0.015918374216574986,0.012376953267764338,0.009013965509928262,0.00710571508714972,0.005027733604200487,0.003853300240097243,0.003169532765551219,0.0030052180844709884,0.003785529405967614,0.0052416116420486185,0.0060121699562780875,0.004258434870602826,0.005671952203467162,0.005042928275827252,0.004744445476043874,0.003623208491466686,0.0036051002586686156,0.003626442658180215,0.0033411798848268465,0.0045136171275488935,0.004079291425364577,0.004434780288818368,0.004563722369233161,0.004764363138928769,0.00429825315882383,0.003973343848776909,0.0038395648175890305,0.003731973659452737,0.0036273690904434774
111,SKIN31,3,,,0.06862885570960145,0.07775304011806596,0.07295872401778863,0.0717742744234692,0.06891698496593154,0.06591067632625008,0.06443769057066406,0.06646588038907311,0.068247590949073,0.06807671836844716,0.066934138198157,0.06473753429072455,0.06233074474433933,0.0632150158793874,0.06048873992193871,0.06239184896040436,0.05879614875795214,0.0532898935394502,0.04960854965072863,0.04354922834413228,0.03624138837655061,0.024022688578665602,0.02082480913543921,0.015414696872897527,0.023877288665850923,0.030896216762460814,0.03006617006886104,0.035155488660235254,0.03466116028768004,0.030613185198506275,0.030012066753992265,0.02552767931011458,0.02161837046403463,0.021196989436116375,0.019543512725995284,0.02145093102754512,0.02236250355272158,0.02195991879351938,0.02349926732881173,0.02510583929993394,0.02334859548436951
112,SKIN32,0,,,0.05785573745132862,0.061417059025255134,0.06054342199217597,0.0584732619028133,0.054128551151867564,0.04858027698628522,0.04430857893532341,0.04241765801814636,0.043744764910207436,0.043293057219058004,0.03941993741534363,0.033880278628350545,0.026692861657458645,0.020704806658961992,0.015870744593044005,0.012196053225341912,0.009859443782969872,0.007046265986003504,0.005175869775657294,0.0034454672229762844,0.0017873993303996168,0.0014049082335618026,0.0014043697858954942,0.0016648054952045786,0.0012995853621906206,0.0012224621769683956,0.00121539172244947,0.0013665763381116513,0.00143663312443947,0.0011851369919550529,0.0010875021191774476,0.00104417590133534,0.0011866120434101983,0.0010395826711879067,0.0011415978470642979,0.0010337530271171008,0.001097842563050465,0.0011643736464262493,0.0012821747056215404,0.0013436562514205644,0.001275423339517481
113,SKIN32,1,,,0.01455800219712865,0.015579503331076622,0.01541584910827974,0.014563677855003112,0.013401381790381327,0.011182605719281882,0.009997335047916025,0.009234820875572855,0.00974103921702103,0.009592223728534032,0.008240673709599269,0.0068736682178192985,0.005156805823756665,0.0039115801254366745,0.003346835000543111,0.00319884403811152,0.003382420573835862,0.0032951114174728973,0.0032616673681100288,0.0033630801397523725,0.0025248597996320333,0.0016668802503861928,0.0016435689564599705,0.0014103607055570664,0.0016751251421060116,0.0024809006238159558,0.0025835460113603145,0.0029014316944247598,0.002824480617126871,0.002736525234382357,0.0028414467961968603,0.0021500093787971664,0.0017779803336340832,0.0018766246454115863,0.0014810807306857622,0.00209567278341565,0.0017210840123415303,0.002321206384503694,0.002354264743682779,0.0027038320746462056,0.0024829562793196357
114,SKIN32,2,,,0.04008979906156931,0.04293264272111654,0.04266879241207133,0.04109335663376288,0.038311045684014125,0.03366334428671722,0.030185999787103356,0.027927352918424974,0.028844053732506463,0.02821914364757868,0.024968135464533404,0.02104511651646339,0.015902982315282657,0.011830887736822301,0.00854633458374719,0.006374150140698645,0.005026688093569816,0.003655212900116555,0.0031469087746534776,0.003075400801258883,0.0031861433526823393,0.005389404807850868,0.00508107297367367,0.003910175290211983,0.0055255332622962715,0.004827982737043122,0.0033896951146473887,0.0035554048419268506,0.003676688390918369,0.003963853257518868,0.0035934183145871572,0.0034847652036570087,0.003854294881564759,0.004258563339586672,0.004178621892306644,0.003475269589231798,0.0036880317166155664,0.0036108673296369066,0.0035334328071381267,0.0035781521688878553,0.0033324203099722254
115,SKIN32,3,,,0.07157522048623646,0.07790833265599646,0.07528326952047228,0.07174071857564385,0.06864203191057414,0.06607242628216503,0.06458105807580951,0.06396927166638146,0.0663706451271329,0.06741016044493306,0.0663079450970281,0.06599935524559429,0.06252053775495903,0.06018302887817632,0.05831135754932181,0.05798801694458097,0.05775210125636609,0.05257218577697067,0.0479200706398572,0.042500014511853666,0.034329632231364315,0.0241188767112976,0.01995496137093605,0.016416185472290814,0.02265348746612602,0.03152898012288874,0.02977791713365335,0.03408028012351055,0.03251723147980059,0.030926467259150218,0.029015363513439148,0.02496731107690599,0.022155840619918703,0.020331131925817193,0.020077180474014657,0.0218129441692145,0.020663677975898288,0.023712406570125008,0.02448120399320134,0.025740985756674252,0.02455851534669113
116,SKIN35,0,,,0.06214099387332701,0.058737119629160436,0.06001431534408133,0.05904334673898059,0.05292273599981297,0.048568853977814054,0.04310107480969308,0.04160468308069253,0.04528004791757528,0.04336686142724051,0.03983255266915497,0.03301561122563184,0.027811125201800468,0.02130669147377411,0.016290884428179515,0.013038523209358402,0.010200624964726464,0.007333917644898308,0.005333085308030443,0.003639511122348963,0.002061275997482449,0.0011029111354802204,0.0009863232933534946,0.0016113228976662218,0.0010494455554491372,0.001115366182077401,0.0011829520915515666,0.0012906977610611578,0.0013281442073531122,0.0014246245631649728,0.0011091857125688923,0.0010430005252820246,0.0009733181670950652,0.0011172262756964902,0.0011588187415396166,0.0009945849551551249,0.0011312341696926892,0.0012710168433366538,0.0012320822701930932,0.0012692772302884156,0.0014294478523506316
117,SKIN35,1,,,0.015481423681171991,0.014528596196493994,0.015129972568596916,0.014900984708049092,0.012924144807660829,0.011249841699622438,0.009654822982765529,0.009235020210827623,0.01037431226327603,0.009335559624454755,0.008466169840796288,0.0071061096444114385,0.005545707570860946,0.00440033138977283,0.003377551814798515,0.002960810080390019,0.0028189393843950695,0.0028128011004065093,0.002726058196807096,0.0027644921671145964,0.0028923400291790712,0.0022087480358139737,0.0017115246263608695,0.0014699498256541099,0.0018097860427117303,0.0026253239218882933,0.0024406804199854602,0.0026552802755549264,0.0027382905614486003,0.0023790199378725535,0.002254750330259091,0.002656232258677906,0.0021971397890208533,0.002161461565289116,0.001970290864263357,0.002433481989084265,0.0022020908672640655,0.0026216306670252543,0.0022234638055182595,0.0023767809076023637,0.0025674462545501073
118,SKIN35,2,,,0.04108886486199338,0.0384611678087716,0.039516791757517156,0.039013329944564495,0.03466237555164478,0.03125609190880308,0.027218315153395085,0.02596530487551222,0.02784665498764836,0.026351963071453263,0.02383263984545893,0.0192259568545251,0.015761830903816432,0.011591285205442187,0.00874607834240807,0.006951099389336915,0.005115574942367531,0.0038671629950945796,0.0031637182895519742,0.002894867484290193,0.0032469280936145194,0.0044746619001986175,0.005832491263149639,0.005648544227792308,0.004864746308940595,0.0035387626186017384,0.0036379782490663652,0.003712127544967047,0.003632536218142423,0.003429408108989267,0.0033348475548292712,0.0034170539070669825,0.003115973742560461,0.0032762108533310632,0.002994101915800791,0.0034351888399032286,0.003401198967967456,0.0033466373005209184,0.0036254713710484133,0.0037097065031534075,0.0031796143090599923
119,SKIN35,3,,,0.069119773837812,0.06606874613308446,0.06565235276639925,0.06400424922776758,0.05838221227949224,0.05738999469646238,0.05436992815502643,0.05475837218169893,0.0593368701252663,0.05880654666037591,0.05838122126617272,0.05542774984270842,0.055903802496277966,0.05290938619552568,0.051620662388856375,0.0521638193491253,0.05104230054255139,0.04587229318302144,0.04272177444194888,0.03688780570056317,0.030472710250613978,0.022938052914822878,0.017245687479889835,0.014962617812211013,0.01949176369760899,0.02575863319869965,0.025027257674179758,0.02781392987533817,0.027453676084016245,0.02552991247677514,0.02252657509186036,0.02059728426901964,0.01824808877457937,0.018016567054610345,0.01736824438573339,0.01818460154018817,0.0184007248795087,0.0196671540958161,0.02017140473725097,0.02096469847395641,0.020894162122489172
120,SKIN38,0,,,0.050725527700015025,0.05202123666551377,0.055377852353504425,0.05456474756789876,0.04794528744868389,0.04544560408707304,0.03978092639752625,0.03835875971034134,0.040776704234259976,0.03975807534411436,0.037473230648460046,0.029855995872597782,0.025101066065833268,0.019303110409278474,0.014689765157606494,0.0113716040688301,0.008548714230147298,0.006385338026646115,0.004293543826240326,0.0024080789840648024,0.001457069422919119,0.0017477062766911955,0.0018923991946262625,0.0011567768423378,0.0017240415063217612,0.0009792170040098381,0.001001783316082286,0.0011926346961779956,0.0013378693954622931,0.0010836393958502189,0.00102367750087744,0.0010972465531916948,0.0011659856733317376,0.0010684863862906466,0.0014886352713439565,0.0016516193733087789,0.00115353969378563,0.0010990635947905857,0.0011038578000626396,0.0011626914415943394,0.0011035248484230604
121,SKIN38,1,,,0.012179573506836912,0.01221541005815885,0.013175603914880549,0.013049212931999465,0.011050402029105441,0.009849859638804134,0.008300915482149358,0.008052918536568355,0.00848253245892206,0.008227070272353637,0.007475166352589924,0.006039988186654407,0.004654133086704793,0.0035173025204940757,0.002923583914821123,0.0026927953998021866,0.0025563567910184886,0.0025901227608068613,0.002904853241372754,0.0025636188498532825,0.0024771836045100622,0.0013921514039352152,0.0013597516398662982,0.00026259711678512963,0.0012942692879191944,0.0017059781874168617,0.0017899860106858048,0.0021627178622385494,0.0019383836716830366,0.002237388510023829,0.001799470541493375,0.001720420221386925,0.0015995108182887084,0.0014175479886494378,0.0015484504031759547,0.0013953475444692832,0.0016260813227840748,0.002058075569593317,0.0019466760376797686,0.0019829636301486,0.0021255344570030336
122,SKIN38,2,,,0.032783110067097776,0.03391095166672569,0.03627820025331278,0.03557183756215631,0.03142635696090402,0.029023669064406798,0.02510868513118407,0.0236304181036961,0.024763479910580984,0.023634138131317338,0.021799258422720274,0.017130036767310636,0.013415725769784358,0.009860303545224745,0.0074558417460689795,0.005683406772372207,0.004040177819309796,0.003473422939535739,0.0028708264019269136,0.0029162148102575996,0.003050603764067793,0.005050245427179567,0.0050517230607975356,0.005064416053989228,0.005166625132938979,0.0032532980487171314,0.003043387825597578,0.003416279951174786,0.003266080043472301,0.003495326349998002,0.0029079268975187146,0.0028821475453060636,0.0033940601992123614,0.0029073717368353034,0.003948553740111904,0.003701471900703081,0.0031000053330482473,0.0032858516794135985,0.0031536696663559552,0.0033517105255078455,0.0030540195000249787
123,SKIN38,3,,,0.05696836628114155,0.05995632419184249,0.06284708272795085,0.05982929270036763,0.0546830186305032,0.054930955812589284,0.051718334954361074,0.05205856804063812,0.05545724269640133,0.05443280712564677,0.05556409203817569,0.051120994881939025,0.05143106938575924,0.049432515729335186,0.04815219351594237,0.0477746831711982,0.045976560627608146,0.044291334304845324,0.04028941459754149,0.033566569574893505,0.028433220572310524,0.020197982183158738,0.016015444331782192,0.013057909359601013,0.01776547049457863,0.022045199342242146,0.023009740912673285,0.026628414505782818,0.02384389990985484,0.024799697250095756,0.02032126881213053,0.019091172006872638,0.015971879004749456,0.016747118486251746,0.01585636749306997,0.016354354860865172,0.01660639888285697,0.018666222779529992,0.018747713353914616,0.017880208976430313,0.017871974351584316
124,SKIN39,0,,,0.06548239547514666,0.06066614542660207,0.06028633911278377,0.059301705833771326,0.053844565861668296,0.049272644630111065,0.043618122125384164,0.04358921332630375,0.0459443105076842,0.044471717399259265,0.0403480328476049,0.033275689814513454,0.027720303767401124,0.022124470073708023,0.01700875716984431,0.01342777181094295,0.01024264524538806,0.00728204755879011,0.005072643185306143,0.0036408689382444103,0.0021562108166291987,0.0011280284727060474,0.0012534231005968508,0.001332477245474349,0.0011437769702808338,0.001161374906793844,0.001110281603762612,0.0015656817989563856,0.0014147002528375411,0.0011438141736074864,0.0011911358805761457,0.0011466784694325357,0.0011658342866958527,0.001059053402011942,0.0011191469613166122,0.0011833113037125113,0.001156020113626041,0.00118707657288861,0.001225949160100527,0.0013105319063256532,0.0012766702219830655
125,SKIN39,1,,,0.015823260960740777,0.01430531819747973,0.0142693530749185,0.014144784282270405,0.012452743717129974,0.010871076622727993,0.009083141314931105,0.008902858309302056,0.009483986278553794,0.00909525418376802,0.007898110596109736,0.0062643707264005135,0.0050251054876433035,0.0038405573085086692,0.0031864079225934422,0.0029549672486369393,0.0030895384834687674,0.0031300047427273957,0.0029121213326082527,0.003067071172216929,0.002834240808967229,0.0018938038095731452,0.0017315269068485912,0.0011500653672578858,0.0017538762802937063,0.002412362505403975,0.002188154759109325,0.0026642165715485507,0.0025178904895354812,0.0025891427216807915,0.0026499067666288447,0.0023414316054813115,0.002033109757873143,0.001990556561890729,0.0017581908390437646,0.0022480492111832647,0.0021260033300237948,0.0025774467690559536,0.002621747041040097,0.0025307260630060935,0.0024507975393560266
126,SKIN39,2,,,0.04345830494746184,0.04010129811798963,0.039589695225510965,0.03947601837211481,0.035725285251921785,0.032034558084157776,0.027937601925924066,0.027021123907238875,0.028132501292041225,0.026969918596880166,0.023828323403487714,0.019185705520627948,0.015479022041065436,0.01183902072502117,0.008586032959842997,0.006248241043515053,0.004821780691325953,0.003541731363088388,0.002917533831161666,0.002960704860840448,0.003475091250711174,0.004986799012000582,0.006097933641773021,0.0062310635706661205,0.005833502519250997,0.00362535164838308,0.0035779599833904176,0.003963684222139997,0.00411345467927571,0.0038879712781447187,0.0036541128726858088,0.003628185960842979,0.003793751059889138,0.004024888885661318,0.004023203575230571,0.003711812305793832,0.003706368933372244,0.003684468670870411,0.0037359075006589177,0.003681733999473172,0.003832865233474058
127,SKIN39,3,,,0.07421734792914586,0.06979995690713255,0.06770759669717924,0.06572724048300854,0.06150130924865981,0.0599757079224696,0.05697435536762922,0.0584231810632986,0.06283810361965575,0.06200893873353926,0.06071606897594077,0.057342151458205676,0.057595694101674484,0.05692474431669525,0.05497432257611701,0.05524144671510067,0.0540717075943861,0.04905758826320367,0.04353426497746307,0.038852714303778284,0.032520496028960295,0.02466439084687083,0.019223874528173753,0.016242108549102543,0.020319512674496047,0.027930371004199185,0.026643311617754118,0.03038105281888912,0.02923291974116886,0.02716735546136733,0.025121954065197544,0.022696497591799973,0.020823029251895116,0.0198939103621432,0.018959889161044647,0.01969836676236245,0.01997275176468066,0.02177691611576335,0.02207004672172057,0.02272217506554005,0.022141102940620546
128,SKIN43,0,,,0.06401965674670695,0.059791946510638024,0.06206382190393626,0.06041821251332616,0.05668282408200013,0.05064406299741579,0.045821669169262724,0.04530779242133263,0.047823089901891186,0.047128538972643325,0.042564697484660616,0.03561996814599163,0.029330126557710286,0.022687558166434252,0.018349955560766497,0.013711761932750333,0.011216673126947666,0.008163618257329204,0.005803387748211741,0.004341981718616106,0.0020681000688024405,0.0012602617675359414,0.0012677626115000467,0.001511113618481553,0.0013390385020860078,0.0010800562868129315,0.0012844302361945058,0.0013464085161496555,0.0013927922911180085,0.0013929895785196504,0.0010772394253886464,0.0011614388828438738,0.0010313309918208223,0.0010302151473712722,0.0009477527055090083,0.0011985239165611674,0.0009901162412727363,0.001099440053073491,0.0011295969088018557,0.0013582827942520395,0.0013671693742069086
129,SKIN43,1,,,0.01593178260224959,0.014723550611482837,0.015297127536793794,0.015082488261574213,0.013805002937661329,0.011832596947242835,0.01028691046129449,0.010294510083364974,0.010572231053957272,0.010565334827145683,0.009181936724524475,0.007382425937522382,0.005849470514708002,0.004411630523829273,0.003750205098905474,0.003304329064673806,0.0033816371171150744,0.003334486045031786,0.0033261093443926666,0.0032906918042867445,0.0031896215256106545,0.002455506372554122,0.0018167812522167316,0.0019549363097881496,0.001689668404197594,0.002574815421512759,0.002992697835718692,0.0030856219121947804,0.003317094940590226,0.0032745637422823336,0.0030077149270169817,0.0028863349302903187,0.0025270590991847974,0.0025481012900318845,0.0022366446613427938,0.00238370670286524,0.00237585353946599,0.00282347593512465,0.002850513002231018,0.002899854540948941,0.0028922376360886247
130,SKIN43,2,,,0.042058711078638775,0.03914817266696359,0.04060464031558906,0.04005313749125972,0.0372525026312128,0.03253545445550046,0.028901014475460993,0.028115693418682655,0.02905346589204203,0.028401831255636174,0.02501942501837841,0.020545271321874253,0.015840361283876152,0.011581468578664595,0.008973735913093842,0.006397662301751384,0.0050399866887015105,0.00361456863048154,0.0031102826131659297,0.0031590690687116085,0.0037618079628131806,0.004953419314508121,0.0061665738255777865,0.005405820893126134,0.005937009203581223,0.004472252185785036,0.003937664775043439,0.004544514218513937,0.004130491740605548,0.0043456500743604305,0.00395296718291099,0.0037107534118929106,0.003872378266475829,0.0037675792436539933,0.0038960409963130216,0.004060095654314667,0.004133164225565785,0.0039205508250063515,0.0042244612851963645,0.0037652517938500394,0.004056047133995904
131,SKIN43,3,,,0.07379427862110327,0.06969768767355398,0.07049637053419154,0.06765796841208017,0.06516372593195002,0.06175947068033563,0.06010771128127346,0.06131647309895723,0.06521363930446718,0.06595703384627635,0.0640760347241507,0.0612332823102813,0.059911307242855844,0.057203716082843026,0.05728734450356998,0.05540842176002735,0.05475962436424288,0.049953784335666024,0.04550171329425163,0.041208160912455986,0.03368244241709362,0.025056387641222783,0.019182990173690278,0.015494539715161572,0.020859903679803636,0.02846041694342019,0.030129259453283302,0.03341224884681135,0.03236664932797658,0.031197057944453044,0.026553258125722623,0.024887285473422657,0.020816303784652483,0.020384907582562308,0.019328038396808533,0.01993872113816426,0.020221604475497142,0.022346076987334075,0.02223835526735298,0.024288152451928578,0.02292153655461654
132,SKIN40,0,,,0.06449231463660039,0.060449139005244186,0.06355534040063257,0.06151256913464621,0.056185365207008335,0.05039997555571761,0.04589202850204988,0.04533402543470555,0.04734572244350742,0.0466996087774528,0.04240720837194539,0.03512031931456183,0.029292964323998597,0.023301775027576258,0.01847593116278933,0.014381609611446765,0.011434786451314878,0.008754218237142107,0.0061890676827114,0.004476295030681344,0.0026476638599517615,0.0011138985081296723,0.0012144855684826687,0.0012076423430000798,0.0009830349862530881,0.001234485210218343,0.0011828202513569743,0.0014995080814826642,0.0014334256299587895,0.0013244922494015648,0.0011332299119445636,0.0011662988772979492,0.0010041777248516318,0.0010011495170172639,0.0010308215126960053,0.0010855093620802672,0.0008960589200447528,0.0011585446551150627,0.0012418633803755095,0.0011060982911579623,0.001491083118766585
133,SKIN40,1,,,0.015377220448417647,0.01429969289520177,0.015085425486627271,0.014658526298469012,0.012882875748472357,0.011057926155421255,0.009559632247686644,0.009458625189977289,0.010042812521859547,0.009451771374166893,0.008521328528169812,0.006526042032561678,0.005254223927766355,0.004272915653966024,0.00354785079743376,0.003158384540239818,0.0032226695794621346,0.0032510031831651694,0.003071395348600629,0.0029134955601837305,0.002753144307208283,0.001776807745297997,0.0015860540149107872,0.0012888167021433009,0.001334607005442049,0.0023492625611931284,0.002380643763765853,0.0028378160429091293,0.003100496164923535,0.0028683340551690015,0.0024470131742245823,0.002434025721943553,0.001955742093961811,0.0017805435373897942,0.002024517819256945,0.0020170490377542827,0.002209423156931872,0.0021974438692966675,0.002557363621852879,0.0027873654809740717,0.002871576649716433
134,SKIN40,2,,,0.04284416675158324,0.04017513545044593,0.04193752636938108,0.040502278648571005,0.037156144429815116,0.032723688971034774,0.029399030776881552,0.02822873602814821,0.029152744738499207,0.028078365511837348,0.0250974463409197,0.02016945627269813,0.016223263353221544,0.012437410466922467,0.009375517744097351,0.00698338718551887,0.005307369256108151,0.004155766706391452,0.003080342381097618,0.0028068450955152733,0.00327107275247777,0.004404300861548041,0.0057336171729711095,0.0050868375848462,0.005593104196299124,0.004055560956043073,0.004029675518324177,0.004458136286778267,0.0044354860683772715,0.004294623160758831,0.0037413073671472155,0.004177837088611352,0.00394457685713463,0.003981218573052194,0.0043460245533382845,0.004158955910215208,0.0037021822873824378,0.0038640195738974944,0.0042015735089360375,0.003939148820422141,0.003909893444526288
135,SKIN40,3,,,0.0734765669816358,0.06954785692155924,0.07080246292439653,0.06714958534787833,0.06338922345011386,0.060531791012704554,0.05912045984071193,0.060468531870278286,0.06394256858299624,0.06403233506618794,0.0625645281716354,0.060231548959411595,0.05901824988277542,0.058039412056629325,0.05618738831386229,0.05659286080978151,0.054422586474010284,0.05157393225287398,0.0450281631076462,0.040473280253472785,0.032708192453092096,0.023940302939696463,0.01928081081721794,0.015700887389450646,0.02005874101246248,0.028302308985657817,0.028083179381934203,0.032509834732017344,0.03193876533284936,0.029237444681053718,0.02551614750712046,0.023203713904233366,0.020014721660160543,0.019437564983922354,0.01965406627408217,0.01973179748954697,0.02054607569560049,0.02234549097709281,0.022501077552310237,0.023310855719067613,0.023480743348124982
136,SKIN41,0,,,0.0587217994503852,0.05795753339826017,0.057698447408295446,0.05837709329291864,0.051610673647931725,0.04866975404775706,0.042889619108745766,0.04147698820948352,0.04461113881997518,0.04305372246202187,0.03954372844565987,0.03334807137039977,0.027276106972854892,0.021677079131113528,0.017098017881064548,0.013442698148510745,0.010309056617238127,0.007440730836124913,0.005358268696101351,0.0036011716795796293,0.0019150981313319213,0.0012907781815318998,0.001404706640377055,0.0013750083963591294,0.001137306288680421,0.0010424066914176693,0.0011275232835736247,0.0012664201445019823,0.001432653259139567,0.0012140037993614078,0.0012197582949218526,0.0011421530848602637,0.0010112738309238597,0.0011461518484719299,0.001090242017941246,0.0012318880626943163,0.0011789625225759768,0.0010632392683233044,0.0011372673664566096,0.0012797517086625097,0.001186013247009179
137,SKIN41,1,,,0.014997472241696404,0.014572087529136326,0.014867080995456429,0.015043403779375544,0.012978658367455253,0.011995675412156378,0.01025908318742857,0.009702884802951093,0.010236452017956756,0.009931629172513307,0.009000053963606824,0.007340532662218589,0.005783781909983724,0.004720254466173305,0.0037141514239328157,0.0032813845847414398,0.0031878567707194195,0.0027231165117421264,0.002608940342437282,0.0025407105062905913,0.002655531082486636,0.0019700805454009682,0.0014794597668523538,0.0012625139899897484,0.0016888282851167378,0.002282451438043097,0.002422234394244718,0.0026201912121149064,0.002520163592976111,0.0026008386806758666,0.002253899958187947,0.002204263278294708,0.0021426389116389736,0.0019337332031584876,0.0020274695657926806,0.0020198183631200076,0.0023364768936108213,0.0023638082211548212,0.0024054422339315007,0.0024142460161287274,0.0023502657839689868
138,SKIN41,2,,,0.038733064836615615,0.038247631696406756,0.03823461823744443,0.03916474376485601,0.03464903080716366,0.03186679013771564,0.027541982586832204,0.026541582316854665,0.02750800809010488,0.02635377035330785,0.023796237560571202,0.019470242745427916,0.015238267494806786,0.011702380961627378,0.009089299239130865,0.0069138771217496,0.005607610206680608,0.003909077647157602,0.0032538167584371214,0.0030040770807522386,0.003166849876667622,0.003909803702194591,0.005580000387433066,0.0054508089482576405,0.005156876006420628,0.0038300165270784975,0.00353455058996866,0.004054918008374109,0.0038989077784368914,0.0038914449820332754,0.0034980962984049956,0.003554481397389119,0.0036128733310304196,0.0034914935434236217,0.003629877680244513,0.003547291543653652,0.003466548630835004,0.0034934417136326576,0.00347333934833004,0.003714304841293054,0.003487609251328597
139,SKIN41,3,,,0.0667016861119042,0.06682676326697397,0.06443786707166453,0.06443034752118453,0.05872297807513613,0.05874987013992415,0.055187330927941335,0.056043146332340546,0.06024837950066145,0.05949692073472602,0.059087073744222965,0.05672432559987324,0.05522458257295717,0.05389097178569975,0.05415681996640439,0.052843291877392895,0.05097024135312748,0.046852007908932125,0.04339809816829158,0.0368729513621264,0.03160944752536662,0.022844857664105038,0.01803643958347694,0.014641994841615791,0.019707941142876072,0.026886831237297182,0.026619201596057133,0.03088010240487275,0.029758844106945733,0.0279558641990723,0.024865763783251255,0.02175537309395566,0.01918065888050931,0.019113038344185315,0.017498540800127325,0.01835119902407464,0.019254357390329258,0.019897458041911866,0.020183210567104894,0.021822145490915455,0.020536303622305626
